name,created_at,updated_at,stars,language,releases,merged_pr
build-your-own-x,2018-05-09T12:03:18Z,2026-03-10T22:55:19Z,473982,Markdown,0,155
awesome,2014-07-11T13:42:37Z,2026-03-10T22:56:17Z,444460,,0,694
freeCodeCamp,2014-12-24T17:49:19Z,2026-03-10T22:57:11Z,438027,TypeScript,0,27817
public-apis,2016-03-20T23:49:42Z,2026-03-10T23:03:23Z,406312,Python,0,1872
free-programming-books,2013-10-11T06:50:37Z,2026-03-10T22:45:16Z,383928,Python,0,7336
developer-roadmap,2017-03-15T13:45:52Z,2026-03-10T22:51:10Z,350707,TypeScript,1,4087
system-design-primer,2017-02-26T16:15:28Z,2026-03-10T22:58:07Z,338393,Python,0,205
coding-interview-university,2016-06-06T02:34:12Z,2026-03-10T21:28:44Z,337814,,0,415
openclaw,2025-11-24T10:16:47Z,2026-03-10T23:03:13Z,298084,TypeScript,63,3039
awesome-python,2014-06-27T21:00:06Z,2026-03-10T22:55:35Z,286607,Python,0,641
awesome-selfhosted,2015-06-01T02:33:17Z,2026-03-10T22:52:40Z,279239,,1,2395
996.ICU,2019-03-26T07:31:14Z,2026-03-10T21:36:18Z,275723,,0,1072
project-based-learning,2017-04-12T05:07:46Z,2026-03-10T22:39:15Z,260763,,0,182
react,2013-05-24T16:15:54Z,2026-03-10T22:35:55Z,243875,JavaScript,118,12775
linux,2011-09-04T22:48:12Z,2026-03-10T23:03:05Z,222084,C,0,0
Python,2016-07-16T09:44:01Z,2026-03-10T22:42:18Z,218568,Python,0,3065
vue,2013-07-29T03:24:51Z,2026-03-10T20:43:39Z,210037,TypeScript,249,1136
the-book-of-secret-knowledge,2018-06-23T10:43:14Z,2026-03-10T22:51:15Z,209553,,0,122
computer-science,2014-05-04T00:18:39Z,2026-03-10T22:42:36Z,202351,HTML,0,305
javascript-algorithms,2018-03-24T07:47:04Z,2026-03-10T22:42:33Z,195823,JavaScript,0,304
tensorflow,2015-11-07T01:19:20Z,2026-03-10T23:02:58Z,194146,C++,222,42522
ohmyzsh,2009-08-28T18:15:37Z,2026-03-10T22:40:12Z,185286,Shell,0,3520
You-Dont-Know-JS,2013-11-16T02:37:24Z,2026-03-10T22:41:56Z,184483,,0,370
CS-Notes,2018-02-13T14:56:24Z,2026-03-10T16:54:20Z,183884,,0,374
vscode,2015-09-03T20:23:38Z,2026-03-10T22:36:37Z,182568,TypeScript,199,43505
AutoGPT,2023-03-16T09:21:07Z,2026-03-10T22:38:32Z,182337,Python,94,3996
Python-100-Days,2018-03-01T16:05:52Z,2026-03-10T22:39:11Z,179485,Jupyter Notebook,0,13
n8n,2019-06-22T09:24:21Z,2026-03-10T22:17:48Z,178550,TypeScript,550,14205
flutter,2015-03-06T22:54:58Z,2026-03-10T22:53:48Z,175493,Dart,7,47000
bootstrap,2011-07-29T21:19:00Z,2026-03-10T22:38:46Z,174051,MDX,94,9125
gitignore,2010-11-08T20:17:14Z,2026-03-10T22:39:55Z,172995,,0,1727
Microsoft-Activation-Scripts,2020-01-12T23:03:34Z,2026-03-10T22:44:48Z,168316,Batchfile,29,6
awesome-go,2014-07-06T13:42:15Z,2026-03-10T22:57:23Z,167099,Go,0,3615
ollama,2023-06-26T19:39:32Z,2026-03-10T22:53:31Z,164775,Go,190,3089
stable-diffusion-webui,2022-08-22T14:05:26Z,2026-03-10T22:36:42Z,161657,Python,27,1884
the-art-of-command-line,2015-05-20T15:11:03Z,2026-03-10T22:49:07Z,160294,,0,317
transformers,2018-10-29T13:56:00Z,2026-03-10T21:47:32Z,157709,Python,244,18786
JavaGuide,2018-05-07T13:27:00Z,2026-03-10T17:46:50Z,154161,Java,0,1216
FreeDomain,2024-05-30T13:23:00Z,2026-03-10T21:38:29Z,151688,HTML,0,1
prompts.chat,2022-12-05T13:54:13Z,2026-03-10T23:01:49Z,151336,HTML,0,201
yt-dlp,2020-10-26T04:22:55Z,2026-03-10T23:00:05Z,150506,Python,131,3229
javascript,2012-11-01T23:13:50Z,2026-03-10T20:51:06Z,148109,JavaScript,0,813
HelloGitHub,2016-05-04T06:24:11Z,2026-03-10T22:55:48Z,145588,Python,63,17
langflow,2023-02-08T22:28:03Z,2026-03-10T23:00:33Z,145506,Python,285,5821
youtube-dl,2010-10-31T14:35:07Z,2026-03-10T21:18:48Z,139839,Python,341,1646
next.js,2016-10-05T23:32:51Z,2026-03-10T22:29:33Z,138291,JavaScript,1000,26189
tech-interview-handbook,2016-07-05T05:00:48Z,2026-03-10T22:57:32Z,138060,TypeScript,0,486
scrcpy,2017-11-21T18:00:27Z,2026-03-10T22:55:54Z,136769,C,50,124
go,2014-08-19T04:33:40Z,2026-03-10T22:12:46Z,133056,Go,0,1
fucking-algorithm,2020-02-19T09:01:23Z,2026-03-10T23:03:17Z,132983,Markdown,0,244
dify,2023-04-12T07:40:24Z,2026-03-10T22:48:29Z,132119,TypeScript,158,9794
PowerToys,2019-05-01T17:44:02Z,2026-03-10T22:38:27Z,130377,C#,127,6378
system-prompts-and-models-of-ai-tools,2025-03-05T16:38:29Z,2026-03-10T22:45:59Z,130040,,0,46
langchain,2022-10-17T02:58:36Z,2026-03-10T23:01:10Z,129024,Python,1000,16077
30-seconds-of-code,2017-11-29T17:35:03Z,2026-03-10T22:39:43Z,127028,JavaScript,12,836
open-webui,2023-10-06T22:08:27Z,2026-03-10T22:51:21Z,126596,Python,154,3367
react-native,2015-01-09T18:10:16Z,2026-03-10T22:26:53Z,125546,C++,446,959
hello-algo,2022-11-04T11:08:34Z,2026-03-10T22:47:52Z,123008,Java,10,968
kubernetes,2014-06-06T22:56:04Z,2026-03-10T22:34:47Z,121102,Go,784,64080
electron,2013-04-12T01:47:36Z,2026-03-10T20:48:54Z,120403,C++,1000,24633
opencode,2025-04-30T20:08:00Z,2026-03-10T23:03:32Z,119704,TypeScript,734,2656
free-for-dev,2015-03-18T21:06:26Z,2026-03-10T23:00:08Z,119428,HTML,0,2904
excalidraw,2020-01-02T01:04:43Z,2026-03-10T22:56:44Z,118503,TypeScript,14,3844
free-programming-books-zh_CN,2013-11-04T01:59:19Z,2026-03-10T19:49:20Z,116426,,3,282
node,2014-11-26T19:57:11Z,2026-03-10T22:37:32Z,116241,JavaScript,486,11919
iptv,2018-11-14T22:00:57Z,2026-03-10T22:58:49Z,112735,TypeScript,0,6828
d3,2010-09-27T17:22:42Z,2026-03-10T19:47:25Z,112515,Shell,194,494
three.js,2010-03-23T18:58:01Z,2026-03-10T22:21:23Z,111279,JavaScript,175,15248
rust,2010-06-16T20:39:03Z,2026-03-10T22:50:18Z,111178,Rust,147,69645
ui,2023-01-04T12:43:27Z,2026-03-10T22:28:32Z,109181,TypeScript,79,1032
rustdesk,2020-09-28T15:36:08Z,2026-03-10T23:03:50Z,109006,Rust,36,3948
axios,2014-08-18T22:30:27Z,2026-03-10T15:03:34Z,108625,JavaScript,109,1136
Awesome-Hacking,2016-03-30T15:47:10Z,2026-03-10T22:32:10Z,108124,,0,34
TypeScript,2014-06-17T15:28:39Z,2026-03-10T18:55:22Z,108092,TypeScript,215,14857
generative-ai-for-beginners,2023-06-19T16:28:59Z,2026-03-10T22:38:33Z,107793,Jupyter Notebook,0,542
godot,2014-01-04T16:05:36Z,2026-03-10T22:32:15Z,107614,C++,66,41487
GitHub-Chinese-Top-Charts,2019-09-05T03:01:56Z,2026-03-10T18:01:31Z,106744,Java,0,0
deno,2018-05-15T01:34:26Z,2026-03-10T21:04:03Z,106391,Rust,368,14358
ComfyUI,2023-01-17T03:15:56Z,2026-03-10T22:20:41Z,105512,Python,126,2232
nodebestpractices,2017-09-15T08:33:19Z,2026-03-10T19:02:35Z,105168,Dockerfile,0,766
frp,2015-12-21T15:24:59Z,2026-03-10T22:26:17Z,105084,Go,109,758
papers-we-love,2013-12-15T14:31:41Z,2026-03-10T20:50:09Z,103984,Shell,0,439
tauri,2019-07-13T09:09:37Z,2026-03-10T22:18:58Z,103955,Rust,0,5405
create-react-app,2016-07-17T14:55:11Z,2026-03-10T16:06:55Z,103823,JavaScript,83,1949
terminal,2017-08-11T18:38:22Z,2026-03-10T20:32:00Z,102105,C++,148,4382
DeepSeek-V3,2024-12-26T09:52:40Z,2026-03-10T22:42:41Z,102028,Python,1,25
clash-verge-rev,2023-11-21T18:24:03Z,2026-03-10T22:55:15Z,101754,TypeScript,62,757
awesome-llm-apps,2024-04-29T05:30:25Z,2026-03-10T22:50:44Z,101426,Python,0,171
angular,2014-09-18T16:12:01Z,2026-03-10T22:44:03Z,100152,TypeScript,611,5725
awesome-mac,2016-07-17T15:33:47Z,2026-03-10T22:38:24Z,99785,JavaScript,13,1084
supabase,2019-10-12T05:56:49Z,2026-03-10T22:58:18Z,98877,TypeScript,26,15662
HowToCook,2020-02-29T10:43:49Z,2026-03-10T21:32:51Z,98674,Dockerfile,4,616
v2rayN,2019-07-30T03:47:24Z,2026-03-10T19:45:51Z,98382,C#,301,402
every-programmer-should-know,2017-08-24T13:18:26Z,2026-03-10T18:00:45Z,98213,,0,110
pytorch,2016-08-13T05:26:41Z,2026-03-10T22:52:23Z,98184,Python,64,6435
material-ui,2014-08-18T19:11:54Z,2026-03-10T20:44:03Z,98078,TypeScript,558,21501
ant-design,2015-04-24T15:37:24Z,2026-03-10T22:52:46Z,97752,TypeScript,741,17108
llama.cpp,2023-03-10T18:58:00Z,2026-03-10T23:01:28Z,97509,C++,1000,7546
gemini-cli,2025-04-17T17:04:31Z,2026-03-10T23:01:03Z,97174,TypeScript,408,5411
neovim,2014-01-31T13:39:22Z,2026-03-10T23:01:51Z,97162,Vim Script,48,17781
fastapi,2018-12-08T08:21:47Z,2026-03-10T22:41:15Z,96128,Python,269,3172
whisper,2022-09-16T20:02:54Z,2026-03-10T20:51:42Z,95740,Python,13,119
thefuck,2015-04-08T15:08:04Z,2026-03-10T22:54:59Z,95656,Python,17,481
Web-Dev-For-Beginners,2020-11-10T02:44:00Z,2026-03-10T20:38:23Z,95408,JavaScript,0,667
immich,2022-02-03T15:56:27Z,2026-03-10T22:53:43Z,94518,TypeScript,287,8755
clean-code-javascript,2016-11-25T22:25:41Z,2026-03-10T14:09:16Z,94314,JavaScript,0,149
tailwindcss,2017-10-06T14:59:14Z,2026-03-10T22:36:14Z,94039,TypeScript,300,3304
java-design-patterns,2014-08-09T16:45:18Z,2026-03-10T19:30:55Z,93799,Java,0,1520
puppeteer,2017-05-09T22:16:13Z,2026-03-10T21:58:43Z,93777,TypeScript,648,5841
nvm,2010-04-15T17:47:47Z,2026-03-10T19:57:19Z,92179,Shell,71,741
DeepSeek-R1,2025-01-20T11:57:28Z,2026-03-10T18:12:12Z,91943,,1,10
app-ideas,2019-02-25T18:36:56Z,2026-03-10T22:55:56Z,91068,,0,151
firecrawl,2024-04-15T21:02:29Z,2026-03-10T23:04:08Z,90794,TypeScript,32,1386
markitdown,2024-11-13T19:56:40Z,2026-03-10T21:52:42Z,90515,Python,18,171
vue-element-admin,2017-04-17T03:35:49Z,2026-03-10T14:45:08Z,90285,Vue,49,311
storybook,2016-03-18T04:23:44Z,2026-03-10T22:28:16Z,89405,TypeScript,1000,12322
skills,2025-09-22T15:53:31Z,2026-03-10T23:04:15Z,89234,Python,0,22
bitcoin,2010-12-19T15:16:43Z,2026-03-10T22:56:01Z,88435,C++,63,16198
gin,2014-06-16T23:57:25Z,2026-03-10T20:44:23Z,88286,Go,29,1224
bun,2021-04-14T00:48:17Z,2026-03-10T22:24:53Z,88059,Zig,210,7196
LLMs-from-scratch,2023-07-23T18:15:57Z,2026-03-10T23:03:50Z,87631,Jupyter Notebook,0,483
NextChat,2023-03-10T18:27:54Z,2026-03-10T20:51:24Z,87462,TypeScript,77,894
django,2012-04-28T02:47:18Z,2026-03-10T22:26:27Z,87083,Python,0,10338
hugo,2013-07-04T15:26:26Z,2026-03-10T18:53:06Z,87007,Go,365,3246
mermaid,2014-11-01T23:52:32Z,2026-03-10T22:57:28Z,86640,TypeScript,184,2590
opencv,2012-07-19T09:40:17Z,2026-03-10T20:01:11Z,86532,C++,67,13506
svelte,2016-11-20T18:13:05Z,2026-03-10T21:59:18Z,86098,JavaScript,609,6533
weekly,2018-10-13T12:36:07Z,2026-03-10T21:25:52Z,85674,,0,106
core,2013-09-17T07:29:48Z,2026-03-10T23:00:12Z,85263,Python,1000,82726
manim,2015-03-22T18:50:58Z,2026-03-10T22:48:06Z,85126,Python,13,661
ML-For-Beginners,2021-03-03T01:34:05Z,2026-03-10T17:31:41Z,84243,Jupyter Notebook,0,446
laravel,2011-06-08T03:06:08Z,2026-03-10T22:56:54Z,83991,Blade,213,1671
playwright,2019-11-15T18:32:42Z,2026-03-10T22:17:46Z,83921,TypeScript,158,16312
uptime-kuma,2021-07-03T01:02:42Z,2026-03-10T23:00:09Z,83911,JavaScript,126,1698
awesome-for-beginners,2015-10-24T19:53:36Z,2026-03-10T22:35:36Z,83357,,0,469
mall,2018-04-04T01:11:44Z,2026-03-10T14:14:07Z,83096,Java,3,1
realworld,2016-02-26T20:49:53Z,2026-03-10T22:16:32Z,82965,TypeScript,0,434
awesome-mcp-servers,2024-11-30T04:49:10Z,2026-03-10T22:38:40Z,82706,,0,1496
animate.css,2011-10-12T10:07:38Z,2026-03-10T18:40:40Z,82619,CSS,22,315
devops-exercises,2019-10-03T17:31:21Z,2026-03-10T22:16:47Z,81454,Python,0,309
awesome-interview-questions,2015-11-28T09:48:17Z,2026-03-10T22:57:33Z,81352,,0,175
FiraCode,2014-11-11T19:32:38Z,2026-03-10T17:48:48Z,81265,Clojure,29,142
servers,2024-11-19T01:10:17Z,2026-03-10T22:44:38Z,80746,TypeScript,24,1181
syncthing,2013-11-26T09:48:21Z,2026-03-10T22:53:05Z,80697,Go,462,2838
uv,2023-10-02T20:24:11Z,2026-03-10T23:00:17Z,80665,Rust,260,8552
system-design-101,2023-09-18T20:52:03Z,2026-03-10T22:38:34Z,80422,,0,23
spring-boot,2012-10-19T15:02:57Z,2026-03-10T20:44:07Z,80270,Java,339,42
browser-use,2024-10-31T16:00:56Z,2026-03-10T23:01:07Z,80222,Python,118,1673
Deep-Live-Cam,2023-09-24T13:19:31Z,2026-03-10T22:29:44Z,79936,Python,10,98
funNLP,2018-08-21T11:20:39Z,2026-03-10T16:51:16Z,79308,Python,0,14
advanced-java,2018-10-06T11:38:30Z,2026-03-10T20:08:59Z,78891,Java,1,89
vite,2020-04-21T05:03:57Z,2026-03-10T21:56:54Z,78774,TypeScript,660,6072
github-readme-stats,2020-07-09T10:34:22Z,2026-03-10T21:06:47Z,78671,JavaScript,0,1568
fzf,2013-10-23T16:04:23Z,2026-03-10T22:50:57Z,78541,Go,76,644
hoppscotch,2019-08-21T13:15:24Z,2026-03-10T22:53:05Z,78283,TypeScript,99,2038
netdata,2013-06-17T18:39:10Z,2026-03-10T22:51:00Z,78020,C,132,11773
models,2016-02-05T01:15:20Z,2026-03-10T21:00:35Z,77689,Python,51,2342
gpt4all,2023-03-27T18:49:32Z,2026-03-10T20:58:53Z,77212,C++,38,938
cs-video-courses,2016-10-21T17:02:11Z,2026-03-10T23:02:41Z,76942,,0,258
zed,2021-02-20T03:01:06Z,2026-03-10T22:53:44Z,76818,Rust,1000,22246
LeetCodeAnimation,2018-12-06T08:01:22Z,2026-03-10T18:40:13Z,76720,Java,0,63
code-server,2019-02-27T16:50:41Z,2026-03-10T22:25:41Z,76573,TypeScript,225,1639
superpowers,2025-10-09T19:45:18Z,2026-03-10T23:04:31Z,76483,Shell,2,41
Font-Awesome,2012-02-17T14:19:43Z,2026-03-10T18:54:34Z,76406,JavaScript,63,220
elasticsearch,2010-02-08T13:20:56Z,2026-03-10T21:42:55Z,76359,Java,235,87577
llm-course,2023-06-17T22:16:25Z,2026-03-10T22:38:33Z,76339,,0,2
claude-code,2025-02-22T17:41:21Z,2026-03-10T22:56:57Z,76269,Shell,57,145
localsend,2022-12-16T00:46:07Z,2026-03-10T23:02:07Z,76265,Dart,24,702
d2l-zh,2017-08-23T04:40:24Z,2026-03-10T16:36:47Z,76117,Python,16,1019
PayloadsAllTheThings,2016-10-18T07:29:07Z,2026-03-10T22:04:07Z,75928,Python,5,564
Best-websites-a-programmer-should-visit,2017-03-05T20:25:17Z,2026-03-10T20:50:29Z,75834,,0,431
json-server,2013-11-27T13:21:13Z,2026-03-10T22:46:56Z,75645,JavaScript,46,161
spec-kit,2025-08-21T22:54:31Z,2026-03-10T23:04:15Z,75595,Python,113,193
Stirling-PDF,2023-01-27T18:22:42Z,2026-03-10T20:05:05Z,75160,TypeScript,168,3186
nest,2017-02-04T20:12:52Z,2026-03-10T20:44:19Z,74952,TypeScript,143,8106
Ventoy,2020-03-10T15:19:19Z,2026-03-10T23:00:17Z,74951,C,108,294
ragflow,2023-12-12T06:13:13Z,2026-03-10T22:44:04Z,74688,Python,40,5501
union,2023-05-16T22:33:39Z,2026-03-10T21:36:38Z,74243,Rust,107,3102
lazygit,2018-05-19T00:53:06Z,2026-03-10T23:04:06Z,73920,Go,177,1823
awesome-vue,2015-10-20T00:16:14Z,2026-03-10T20:08:18Z,73626,,0,3619
sherlock,2018-12-24T14:30:48Z,2026-03-10T22:39:21Z,73560,Python,2,735
redis,2009-03-21T22:32:25Z,2026-03-10T22:38:22Z,73423,C,117,4432
lobehub,2023-05-21T07:19:12Z,2026-03-10T23:03:10Z,73406,TypeScript,1000,4398
awesome-public-datasets,2014-11-20T06:20:50Z,2026-03-10T22:13:47Z,73357,,1,188
the-algorithm,2023-03-27T14:57:57Z,2026-03-10T18:54:15Z,72859,Scala,0,2
tesseract,2014-08-12T18:04:59Z,2026-03-10T22:17:42Z,72812,C++,35,1432
vllm,2023-02-09T11:23:20Z,2026-03-10T23:02:39Z,72751,Python,85,14605
stable-diffusion,2022-08-10T14:36:44Z,2026-03-10T18:13:16Z,72669,Jupyter Notebook,0,5
grafana,2013-12-11T15:59:56Z,2026-03-10T22:20:04Z,72644,TypeScript,597,62831
Front-End-Checklist,2017-10-16T10:12:36Z,2026-03-10T20:34:15Z,72341,,1,179
awesome-react,2014-08-06T05:31:44Z,2026-03-10T21:59:58Z,72310,,0,794
openai-cookbook,2022-03-11T02:08:53Z,2026-03-10T20:13:59Z,72008,Jupyter Notebook,0,1010
PaddleOCR,2020-05-08T10:38:16Z,2026-03-10T22:12:23Z,72001,Python,29,3124
cpython,2017-02-10T19:23:51Z,2026-03-10T23:03:08Z,71984,Python,0,57367
awesome-machine-learning,2014-07-15T19:11:19Z,2026-03-10T22:38:34Z,71930,Python,0,902
screenshot-to-code,2023-11-14T17:53:32Z,2026-03-10T21:53:21Z,71868,TypeScript,0,76
imgui,2014-07-21T14:29:47Z,2026-03-10T23:01:00Z,71867,C++,118,419
cs-self-learning,2021-10-20T13:43:42Z,2026-03-10T19:47:00Z,71729,HTML,5,315
strapi,2015-09-30T15:34:48Z,2026-03-10T21:55:50Z,71547,TypeScript,514,9599
moby,2013-01-18T18:10:57Z,2026-03-10T21:27:26Z,71501,Go,276,22362
flask,2010-04-06T11:11:59Z,2026-03-10T20:44:18Z,71403,Python,38,1628
Prompt-Engineering-Guide,2022-12-16T16:04:50Z,2026-03-10T22:17:08Z,71403,MDX,0,342
superset,2015-07-21T18:55:34Z,2026-03-10T21:52:19Z,70893,TypeScript,243,16499
obs-studio,2013-10-01T02:40:31Z,2026-03-10T22:38:19Z,70831,C,237,5425
protobuf,2014-08-26T15:52:15Z,2026-03-10T18:11:52Z,70819,C++,208,8752
caddy,2015-01-13T19:45:03Z,2026-03-10T22:50:39Z,70793,Go,134,2266
reveal.js,2011-06-07T18:54:22Z,2026-03-10T21:19:38Z,70695,JavaScript,49,414
everything-claude-code,2026-01-18T00:51:51Z,2026-03-10T23:03:14Z,70517,JavaScript,10,100
gpt_academic,2023-03-20T09:05:13Z,2026-03-10T18:40:55Z,70204,Python,32,228
awesome-cpp,2014-07-17T08:51:11Z,2026-03-10T22:48:26Z,70123,,0,839
swift,2015-10-23T21:15:07Z,2026-03-10T22:42:03Z,69923,C++,66,58138
tabby,2016-12-23T09:06:10Z,2026-03-10T22:35:35Z,69435,TypeScript,204,1512
SecLists,2012-02-19T01:30:18Z,2026-03-10T22:08:22Z,69350,PHP,29,696
awesome-scalability,2017-12-27T03:46:40Z,2026-03-10T22:43:13Z,69275,,0,37
act,2019-01-02T19:53:43Z,2026-03-10T23:02:31Z,69233,Go,92,1057
express,2009-06-26T18:56:01Z,2026-03-10T21:16:03Z,68951,JavaScript,164,522
OpenHands,2024-03-13T03:33:31Z,2026-03-10T22:27:20Z,68886,Python,99,6474
node,2023-02-01T13:55:02Z,2026-03-10T20:49:24Z,68700,Go,72,249
AppFlowy,2021-06-16T12:56:48Z,2026-03-10T20:39:17Z,68505,Dart,128,3894
ansible,2012-03-06T14:58:02Z,2026-03-10T20:43:38Z,68316,Python,207,39673
LlamaFactory,2023-05-28T10:09:12Z,2026-03-10T20:52:08Z,68163,Python,35,907
Chart.js,2013-03-17T23:56:36Z,2026-03-10T17:14:40Z,67240,JavaScript,117,3016
awesome-courses,2014-11-15T18:36:49Z,2026-03-10T22:38:21Z,66954,,0,194
anime,2016-03-13T21:37:45Z,2026-03-10T21:37:51Z,66789,JavaScript,34,87
33-js-concepts,2018-09-04T13:27:04Z,2026-03-10T20:04:14Z,66271,JavaScript,0,262
webpack,2012-03-10T10:08:14Z,2026-03-10T20:44:18Z,66092,JavaScript,448,5571
echarts,2013-04-03T03:18:59Z,2026-03-10T23:03:30Z,65894,TypeScript,122,1494
annotated_deep_learning_paper_implementations,2020-08-25T02:29:34Z,2026-03-10T19:59:28Z,65894,Python,0,104
gpt4free,2023-03-29T17:00:43Z,2026-03-10T21:38:14Z,65739,Python,430,872
ChinaTextbook,2020-01-05T04:11:06Z,2026-03-10T18:18:21Z,65724,Roff,0,1
AFFiNE,2022-07-31T18:45:21Z,2026-03-10T22:47:09Z,65712,TypeScript,542,9039
ghidra,2019-03-01T03:27:48Z,2026-03-10T22:26:06Z,65584,Java,52,556
scikit-learn,2010-08-17T09:43:38Z,2026-03-10T22:38:43Z,65397,Python,49,14178
javascript-questions,2019-06-12T08:26:27Z,2026-03-10T22:42:07Z,65310,,0,328
awesome-nodejs,2014-07-11T13:35:34Z,2026-03-10T22:29:58Z,65235,,0,421
Java,2016-07-16T10:21:02Z,2026-03-10T22:21:58Z,65187,Java,0,2269
interviews,2017-02-14T18:19:25Z,2026-03-10T20:44:19Z,65030,Java,0,42
design-resources-for-developers,2020-05-06T14:40:35Z,2026-03-10T22:40:25Z,64990,,0,967
nocode,2018-02-06T23:54:00Z,2026-03-10T17:35:23Z,64969,Dockerfile,1,1
MetaGPT,2023-06-30T09:04:55Z,2026-03-10T21:25:58Z,64957,Python,22,673
Apollo-11,2014-04-03T15:45:02Z,2026-03-10T21:18:30Z,64650,Assembly,0,355
localstack,2016-10-25T23:48:03Z,2026-03-10T22:39:24Z,64622,Python,106,6813
codex,2025-04-13T05:37:54Z,2026-03-10T22:57:20Z,64427,Rust,593,4449
docusaurus,2017-06-20T16:13:53Z,2026-03-10T22:23:57Z,64063,TypeScript,154,5629
keras,2015-03-28T00:35:42Z,2026-03-10T22:29:08Z,63975,Python,86,4672
daytona,2024-02-06T08:21:20Z,2026-03-10T22:59:35Z,63558,TypeScript,163,1883
prometheus,2012-11-24T11:14:12Z,2026-03-10T22:45:12Z,63191,Go,359,8248
alacritty,2016-02-18T05:02:30Z,2026-03-10T21:24:26Z,62947,Rust,105,1918
socket.io,2010-03-11T18:24:48Z,2026-03-10T22:55:59Z,62936,TypeScript,83,440
resume.github.com,2011-02-06T13:39:55Z,2026-03-10T15:05:26Z,62812,JavaScript,0,84
OpenBB,2020-12-20T10:46:38Z,2026-03-10T23:04:40Z,62794,Python,55,4220
open-interpreter,2023-07-14T07:10:44Z,2026-03-10T22:40:18Z,62629,Python,48,384
nocodb,2017-10-29T18:51:48Z,2026-03-10T23:03:09Z,62457,TypeScript,183,5845
traefik,2015-09-13T19:04:02Z,2026-03-10T22:38:22Z,62194,Go,508,5094
rustlings,2015-09-15T02:25:18Z,2026-03-10T21:19:54Z,62116,Rust,46,922
uBlock,2015-04-01T17:51:11Z,2026-03-10T22:38:58Z,62010,JavaScript,283,256
nerd-fonts,2014-12-05T04:31:17Z,2026-03-10T22:40:24Z,61938,CSS,38,565
sway,2021-01-19T20:54:33Z,2026-03-10T22:33:29Z,61894,Rust,185,3641
crawl4ai,2024-05-09T09:48:50Z,2026-03-10T22:52:26Z,61673,Python,13,164
tldr,2013-12-08T07:34:43Z,2026-03-10T23:05:08Z,61605,Markdown,6,17808
lodash,2012-04-07T04:11:46Z,2026-03-10T23:00:26Z,61577,JavaScript,2,614
redux,2015-05-29T23:53:15Z,2026-03-10T21:59:55Z,61442,TypeScript,78,1747
ladybird,2024-05-30T09:18:10Z,2026-03-10T22:36:03Z,61177,C++,0,5945
atom,2012-01-20T18:18:21Z,2026-03-10T19:44:11Z,60994,JavaScript,538,3937
architect-awesome,2018-04-06T13:30:58Z,2026-03-10T18:38:01Z,60847,,0,49
ripgrep,2016-03-11T02:02:33Z,2026-03-10T23:03:20Z,60817,Rust,74,544
Front-end-Developer-Interview-Questions,2012-02-09T23:34:10Z,2026-03-10T19:37:25Z,60799,Nunjucks,0,484
scrapy,2010-02-22T02:01:14Z,2026-03-10T22:02:52Z,60755,Python,46,2475
leetcode-master,2019-12-14T12:05:42Z,2026-03-10T16:59:03Z,60663,Shell,0,2311
minio,2015-01-14T19:23:58Z,2026-03-10T19:35:21Z,60452,Go,521,9882
openpilot,2016-11-24T01:33:30Z,2026-03-10T23:03:01Z,60269,Python,61,12691
markdown-here,2012-05-13T03:27:22Z,2026-03-10T18:48:13Z,60164,JavaScript,17,27
nuxt,2016-10-26T11:18:47Z,2026-03-10T20:44:03Z,59869,TypeScript,274,7495
jquery,2009-04-03T15:20:14Z,2026-03-10T15:05:57Z,59863,JavaScript,13,869
drawio-desktop,2017-05-25T20:58:42Z,2026-03-10T22:51:55Z,59751,JavaScript,170,25
spring-framework,2010-12-08T04:04:45Z,2026-03-10T22:48:18Z,59739,Java,357,907
git,2008-07-23T14:21:26Z,2026-03-10T22:39:51Z,59589,C,0,3
Real-Time-Voice-Cloning,2019-05-26T08:56:15Z,2026-03-10T21:56:38Z,59513,Python,0,51
pathway,2022-11-27T13:01:14Z,2026-03-10T21:24:30Z,59442,Python,84,19
30-Days-Of-Python,2019-11-19T17:24:16Z,2026-03-10T22:56:07Z,59300,Python,0,137
shadowsocks-windows,2013-01-14T07:54:16Z,2026-03-10T17:17:51Z,59277,C#,55,290
awesome-flutter,2017-05-07T11:45:27Z,2026-03-10T21:58:20Z,59227,Dart,0,448
llama,2023-02-14T09:29:12Z,2026-03-10T18:49:34Z,59216,Python,0,54
Magisk,2016-09-08T12:42:53Z,2026-03-10T19:56:39Z,59185,Rust,156,1688
angular.js,2010-01-06T00:34:37Z,2026-03-10T22:14:45Z,58921,JavaScript,0,790
cline,2024-07-06T07:28:10Z,2026-03-10T22:38:38Z,58841,TypeScript,240,3272
awesome-chatgpt-prompts-zh,2022-12-12T01:55:03Z,2026-03-10T22:31:43Z,58648,,0,33
rails,2008-04-11T02:19:47Z,2026-03-10T22:18:34Z,58414,Ruby,160,25889
mkcert,2018-06-25T05:33:03Z,2026-03-10T22:49:39Z,58336,Go,14,52
FFmpeg,2011-04-14T14:12:38Z,2026-03-10T21:55:41Z,57759,C,0,0
memos,2021-12-08T15:30:18Z,2026-03-10T21:02:47Z,57666,Go,86,1927
bat,2018-04-21T10:52:23Z,2026-03-10T21:20:28Z,57650,Rust,43,1581
html5-boilerplate,2010-01-24T18:03:24Z,2026-03-10T10:26:59Z,57403,JavaScript,34,804
astro,2021-03-15T17:19:47Z,2026-03-10T22:05:26Z,57401,TypeScript,1000,8280
zustand,2019-04-09T09:10:06Z,2026-03-10T22:36:48Z,57314,TypeScript,101,889
fuel-core,2020-08-27T21:12:14Z,2026-03-10T22:33:29Z,57313,Rust,125,1618
DeepLearning-500-questions,2018-06-27T06:36:45Z,2026-03-10T14:10:58Z,57193,JavaScript,0,302
private-gpt,2023-05-02T09:15:31Z,2026-03-10T21:30:40Z,57167,Python,10,226
yolov5,2020-05-18T03:45:11Z,2026-03-10T21:27:58Z,56967,Python,10,2240
you-get,2012-08-20T15:53:36Z,2026-03-10T13:06:21Z,56766,Python,123,582
pocketbase,2022-07-05T06:06:21Z,2026-03-10T22:34:49Z,56662,Go,247,55
vaultwarden,2018-02-17T22:40:20Z,2026-03-10T22:37:52Z,56554,Rust,78,1089
react-router,2014-05-16T22:22:51Z,2026-03-10T19:48:40Z,56289,TypeScript,326,3416
meilisearch,2018-04-23T11:45:28Z,2026-03-10T21:46:07Z,56283,Rust,300,2343
face_recognition,2017-03-03T21:52:39Z,2026-03-10T17:51:33Z,56182,Python,2,94
llm-app,2023-07-19T08:43:37Z,2026-03-10T23:05:15Z,56164,Jupyter Notebook,0,49
awesome-rust,2014-07-17T10:45:10Z,2026-03-10T22:37:45Z,56093,Rust,0,1707
pi-hole,2014-06-08T15:02:55Z,2026-03-10T22:40:58Z,56044,Shell,123,2173
anything-llm,2023-06-04T02:29:14Z,2026-03-10T22:57:33Z,56031,JavaScript,25,1313
rclone,2014-03-16T16:19:57Z,2026-03-10T22:45:15Z,55952,Go,122,2312
gatsby,2015-05-21T22:43:05Z,2026-03-10T18:30:04Z,55936,JavaScript,158,18259
MinerU,2024-02-29T08:52:34Z,2026-03-10T20:06:50Z,55879,Python,143,1320
leetcode,2018-03-30T09:13:51Z,2026-03-10T11:49:08Z,55821,JavaScript,40,257
rich,2019-11-10T15:28:09Z,2026-03-10T22:11:35Z,55729,Python,175,860
GPT-SoVITS,2024-01-14T18:05:21Z,2026-03-10T20:42:11Z,55647,Python,4,355
awesome-android-ui,2014-12-24T01:45:03Z,2026-03-10T19:12:04Z,55611,,0,90
github-cheat-sheet,2014-04-12T16:38:42Z,2026-03-10T20:38:43Z,55583,,0,129
project-layout,2017-09-09T16:33:26Z,2026-03-10T21:30:39Z,55526,Makefile,0,94
docling,2024-07-09T07:50:26Z,2026-03-10T22:49:48Z,55493,Python,157,757
autogen,2023-08-18T11:43:45Z,2026-03-10T22:38:34Z,55420,Python,98,2534
gpt-engineer,2023-04-29T12:52:15Z,2026-03-10T16:54:09Z,55220,Python,21,351
hackingtool,2020-04-11T09:21:31Z,2026-03-10T22:45:06Z,55202,Python,0,57
OpenManus,2025-03-06T14:08:14Z,2026-03-10T20:34:55Z,55140,Python,3,115
appwrite,2019-04-08T16:36:25Z,2026-03-10T22:38:27Z,55129,TypeScript,120,4459
faceswap,2017-12-19T09:44:13Z,2026-03-10T09:29:38Z,55031,Python,5,363
starship,2019-04-02T03:23:12Z,2026-03-10T22:22:09Z,54759,Rust,138,3060
nanoGPT,2022-12-28T00:51:12Z,2026-03-10T22:37:33Z,54587,Python,0,45
marktext,2017-11-12T16:05:25Z,2026-03-10T22:39:56Z,54415,JavaScript,36,944
ChatGPT,2022-12-07T09:43:02Z,2026-03-10T16:16:01Z,54382,Rust,34,123
gitea,2016-11-01T02:13:26Z,2026-03-10T22:59:47Z,54213,Go,224,18549
element,2016-09-03T06:19:26Z,2026-03-09T15:30:06Z,54206,Vue,145,3231
ultralytics,2022-09-11T16:39:45Z,2026-03-10T21:42:06Z,54177,Python,349,4261
maybe,2024-01-01T22:23:46Z,2026-03-10T22:38:35Z,54053,Ruby,28,1073
requests,2011-02-13T18:38:17Z,2026-03-10T20:44:18Z,53920,Python,14,1619
joplin,2017-01-16T21:49:41Z,2026-03-10T22:39:29Z,53819,TypeScript,401,5264
normalize.css,2011-05-04T10:20:25Z,2026-03-10T21:56:11Z,53760,CSS,0,56
unsloth,2023-11-29T16:50:09Z,2026-03-10T23:02:46Z,53687,Python,23,780
segment-anything,2023-03-23T17:03:03Z,2026-03-10T22:39:09Z,53624,Jupyter Notebook,0,16
ai-agents-for-beginners,2024-11-28T10:42:52Z,2026-03-10T22:39:07Z,53589,Jupyter Notebook,0,317
dive,2018-05-13T15:44:01Z,2026-03-10T21:28:24Z,53521,Go,28,164
powerlevel10k,2019-02-24T19:09:45Z,2026-03-10T23:03:10Z,53318,Shell,33,168
core,2018-06-12T13:49:36Z,2026-03-10T23:01:37Z,53188,TypeScript,269,3658
trackerslist,2016-04-24T11:57:57Z,2026-03-10T22:16:45Z,53157,,0,1
material-design-icons,2014-10-08T18:01:28Z,2026-03-10T23:04:29Z,52964,,16,50
pdf.js,2011-04-26T06:32:03Z,2026-03-10T22:25:54Z,52953,JavaScript,83,8499
first-contributions,2016-09-20T14:35:09Z,2026-03-10T22:43:46Z,52928,,0,94894
ImHex,2020-11-10T14:27:00Z,2026-03-10T15:19:08Z,52840,C++,82,727
n8n-workflows,2025-05-14T08:43:59Z,2026-03-10T22:38:45Z,52761,Python,1,34
Free-Certifications,2020-07-31T10:26:19Z,2026-03-10T22:38:29Z,52487,,0,115
kotlin,2012-02-13T17:29:58Z,2026-03-10T22:10:58Z,52438,Kotlin,285,2147
ionic-framework,2013-08-20T23:06:02Z,2026-03-10T22:25:53Z,52388,TypeScript,931,6526
Docker-OSX,2020-06-04T11:01:37Z,2026-03-10T22:24:50Z,52241,Shell,0,109
typst,2019-09-24T21:41:56Z,2026-03-10T23:00:27Z,52014,Rust,27,2236
Ghost,2013-05-04T11:09:13Z,2026-03-10T22:22:41Z,52009,JavaScript,955,15722
v2rayNG,2019-05-15T02:15:31Z,2026-03-10T21:09:49Z,51947,Kotlin,283,541
PowerShell,2016-01-13T23:41:35Z,2026-03-10T22:16:33Z,51792,C#,193,8099
prettier,2016-11-29T17:13:37Z,2026-03-10T20:44:21Z,51790,JavaScript,134,9667
termux-app,2015-10-23T09:42:46Z,2026-03-10T21:11:47Z,51759,Java,95,177
etcd,2013-07-06T21:57:21Z,2026-03-10T21:40:44Z,51696,Go,272,10238
coolify,2021-01-25T20:54:01Z,2026-03-10T22:39:34Z,51561,PHP,667,2318
grok-1,2024-03-17T08:53:38Z,2026-03-10T16:56:45Z,51534,Python,0,5
awesome-ios,2014-07-10T16:03:45Z,2026-03-10T19:12:10Z,51503,Swift,0,2240
guava,2014-05-29T16:23:17Z,2026-03-10T22:28:28Z,51500,Java,57,1202
jekyll,2008-10-20T06:29:03Z,2026-03-10T23:02:29Z,51433,Ruby,112,3197
Semantic-UI,2013-04-08T23:32:04Z,2026-03-10T15:00:27Z,51136,JavaScript,154,356
chinese-poetry,2016-09-02T03:32:25Z,2026-03-10T18:30:53Z,51050,JavaScript,1,137
DefinitelyTyped,2012-10-05T16:39:45Z,2026-03-10T21:12:23Z,51025,TypeScript,1,52975
Motrix,2018-12-18T11:45:05Z,2026-03-10T20:05:59Z,51017,JavaScript,21,192
go-ethereum,2013-12-26T13:05:46Z,2026-03-10T20:37:00Z,50902,Go,228,8791
professional-programming,2015-11-07T05:07:52Z,2026-03-10T22:19:25Z,50648,Python,0,43
awesome-wechat-weapp,2016-09-22T20:04:48Z,2026-03-10T19:42:01Z,50605,,0,278
Flowise,2023-03-31T12:23:09Z,2026-03-10T21:23:36Z,50591,TypeScript,80,1582
hiring-without-whiteboards,2017-03-15T05:09:01Z,2026-03-10T18:52:28Z,50479,JavaScript,0,1309
windows,2024-01-14T13:09:40Z,2026-03-10T22:52:54Z,50290,Shell,119,519
MoneyPrinterTurbo,2024-03-11T02:57:34Z,2026-03-10T22:25:46Z,50127,Python,9,145
lazydocker,2019-05-18T08:53:50Z,2026-03-10T20:37:37Z,50060,Go,45,191
bulma,2016-01-23T23:48:34Z,2026-03-10T17:44:24Z,50057,CSS,22,646
100-Days-Of-ML-Code,2018-07-05T09:11:43Z,2026-03-10T18:48:22Z,49800,,0,6
mastodon,2016-02-22T15:01:25Z,2026-03-10T19:56:38Z,49729,Ruby,327,19188
cypress,2015-03-04T00:46:28Z,2026-03-10T20:11:00Z,49605,TypeScript,387,8086
odoo,2014-05-13T15:38:58Z,2026-03-10T22:56:38Z,49432,Python,0,6182
hacker-scripts,2015-11-21T19:05:09Z,2026-03-10T09:41:45Z,49430,JavaScript,0,63
mem0,2023-06-20T08:58:36Z,2026-03-10T22:36:49Z,49321,Python,273,1825
jellyfin,2018-12-09T06:36:45Z,2026-03-10T22:49:02Z,49235,C#,102,5182
lx-music-desktop,2019-08-14T14:31:08Z,2026-03-10T23:05:27Z,49233,TypeScript,112,90
open-source-ios-apps,2015-01-26T23:32:34Z,2026-03-10T22:14:16Z,49179,,37,1547
alist,2020-12-23T17:40:29Z,2026-03-10T17:26:03Z,49145,Go,143,905
json,2013-07-04T08:47:49Z,2026-03-10T21:03:38Z,49078,C++,45,1007
dbeaver,2015-10-21T08:26:28Z,2026-03-10T22:09:17Z,49022,Java,243,6732
winutil,2022-04-28T02:25:19Z,2026-03-10T22:16:10Z,48861,PowerShell,34,1069
huginn,2013-03-10T06:00:31Z,2026-03-10T21:41:41Z,48845,Ruby,1,1065
query,2019-09-10T19:23:58Z,2026-03-10T22:36:57Z,48766,TypeScript,1000,3201
julia,2011-04-21T07:01:50Z,2026-03-10T22:06:43Z,48610,Julia,196,26906
dayjs,2018-04-10T09:26:44Z,2026-03-10T15:15:13Z,48584,JavaScript,125,715
RxJava,2013-01-08T20:11:48Z,2026-03-10T17:41:13Z,48484,Java,243,3377
context7,2025-03-26T23:40:39Z,2026-03-10T22:41:14Z,48444,TypeScript,52,276
TrendRadar,2025-04-28T11:42:16Z,2026-03-10T22:17:47Z,48426,Python,0,1
algorithm-visualizer,2016-05-15T00:27:45Z,2026-03-10T19:34:42Z,48380,JavaScript,0,183
pandas,2010-08-24T01:37:33Z,2026-03-10T23:04:51Z,48102,Python,118,28036
moment,2011-03-01T02:46:06Z,2026-03-10T22:13:28Z,48050,JavaScript,0,714
terraform,2014-03-13T22:25:48Z,2026-03-10T21:44:02Z,47967,Go,403,13212
x64dbg,2015-04-11T20:48:23Z,2026-03-10T22:04:25Z,47866,C++,4,774
Fooocus,2023-08-09T18:43:40Z,2026-03-10T16:04:43Z,47839,Python,21,448
expo,2016-08-15T17:14:25Z,2026-03-10T23:04:33Z,47834,TypeScript,0,20699
type-challenges,2020-07-23T14:33:11Z,2026-03-10T18:02:49Z,47798,TypeScript,0,600
open-source-mac-os-apps,2017-11-03T02:35:33Z,2026-03-10T22:38:25Z,47774,,0,614
kubernetes-the-hard-way,2016-07-07T14:15:27Z,2026-03-10T22:52:55Z,47684,,0,73
design-patterns-for-humans,2017-02-16T21:24:39Z,2026-03-10T17:43:59Z,47617,,0,50
big-list-of-naughty-strings,2015-08-08T20:57:20Z,2026-03-10T15:48:59Z,47605,Python,0,89
htmx,2020-04-13T16:17:51Z,2026-03-10T22:46:29Z,47585,JavaScript,27,1054
jadx,2013-03-18T17:08:21Z,2026-03-10T21:18:26Z,47568,Java,34,623
gogs,2014-02-12T01:57:08Z,2026-03-10T19:27:44Z,47567,Go,96,1869
llama_index,2022-11-02T04:24:54Z,2026-03-10T22:25:48Z,47559,Python,426,7657
freqtrade,2017-05-17T23:48:53Z,2026-03-10T22:47:17Z,47531,Python,110,6337
ai-hedge-fund,2024-11-29T16:30:01Z,2026-03-10T23:06:58Z,47521,Python,0,42
Projects,2013-07-04T13:37:27Z,2026-03-10T18:12:14Z,47463,,0,19
whisper.cpp,2022-09-25T18:26:37Z,2026-03-10T22:14:18Z,47405,C++,31,932
awesome-java,2014-07-09T10:12:43Z,2026-03-10T21:04:35Z,47260,,0,733
chinese-independent-developer,2017-09-21T11:08:23Z,2026-03-10T16:22:58Z,47057,,0,415
PythonDataScienceHandbook,2016-08-10T14:24:36Z,2026-03-10T22:39:05Z,47016,Jupyter Notebook,0,28
react,2018-06-02T04:08:16Z,2026-03-10T17:54:22Z,46998,JavaScript,0,375
awesome-react-components,2016-06-24T15:19:33Z,2026-03-10T20:57:05Z,46993,,0,343
serverless,2015-04-21T03:48:40Z,2026-03-09T17:19:03Z,46946,JavaScript,480,4858
brew,2016-03-06T05:08:38Z,2026-03-10T18:16:31Z,46939,Ruby,473,13826
v2ray-core,2015-09-04T11:42:53Z,2026-03-10T19:13:32Z,46936,Go,247,203
quill,2012-07-30T23:23:18Z,2026-03-10T19:27:37Z,46935,TypeScript,95,382
okhttp,2012-07-23T13:42:55Z,2026-03-10T21:57:23Z,46918,Kotlin,0,3970
pixijs,2013-01-21T22:40:50Z,2026-03-10T19:05:38Z,46715,TypeScript,304,3812
Made-With-ML,2018-11-05T03:44:27Z,2026-03-10T21:29:19Z,46688,Jupyter Notebook,1,147
Pake,2022-10-14T09:32:57Z,2026-03-10T22:27:47Z,46567,Rust,41,111
discourse,2013-01-12T00:25:55Z,2026-03-10T23:06:51Z,46529,Ruby,0,33558
OpenCut,2025-06-22T08:02:17Z,2026-03-10T22:53:09Z,46472,TypeScript,2,187
plane,2022-11-19T12:55:01Z,2026-03-10T22:54:42Z,46435,TypeScript,54,6280
metabase,2015-02-02T19:25:47Z,2026-03-10T22:41:34Z,46355,Clojure,733,39626
awesome-design-patterns,2018-06-04T17:47:48Z,2026-03-10T22:57:50Z,46351,,0,30
ClickHouse,2016-06-02T08:28:18Z,2026-03-10T23:01:26Z,46273,C++,746,59244
text-generation-webui,2022-12-21T04:17:37Z,2026-03-10T22:33:11Z,46210,Python,93,1237
ruff,2022-08-09T17:17:44Z,2026-03-10T22:22:37Z,46200,Rust,402,13672
nanochat,2025-10-13T13:46:35Z,2026-03-10T23:05:27Z,46193,Python,0,73
30-Days-Of-JavaScript,2019-12-23T14:07:40Z,2026-03-10T14:09:34Z,46160,JavaScript,0,100
frontend-dev-bookmarks,2013-06-22T13:23:55Z,2026-03-10T22:14:44Z,46159,,1,129
learn-regex,2017-07-22T12:21:03Z,2026-03-10T14:23:31Z,46159,,0,132
ghostty,2022-03-29T17:38:26Z,2026-03-10T23:06:01Z,46005,Zig,1,3646
AI-For-Beginners,2021-03-03T16:27:36Z,2026-03-10T20:15:48Z,45957,Jupyter Notebook,0,289
acme.sh,2015-12-26T12:56:33Z,2026-03-10T22:33:56Z,45919,Shell,46,1513
tldraw,2021-05-09T11:48:37Z,2026-03-10T21:04:18Z,45728,TypeScript,102,4453
monaco-editor,2016-06-07T16:56:31Z,2026-03-10T18:04:51Z,45710,JavaScript,187,558
crewAI,2023-10-27T03:26:59Z,2026-03-10T21:36:43Z,45704,Python,141,1401
architecture-samples,2016-02-05T13:42:07Z,2026-03-10T22:53:54Z,45600,Kotlin,0,232
GitHubDaily,2018-12-30T13:56:58Z,2026-03-10T21:23:46Z,45553,,0,3
prisma,2019-06-20T13:33:47Z,2026-03-10T19:39:48Z,45488,TypeScript,242,6753
awesome-cheatsheets,2017-11-09T02:47:15Z,2026-03-10T21:40:34Z,45469,JavaScript,0,171
JeecgBoot,2018-11-26T10:40:00Z,2026-03-10T15:45:26Z,45375,Java,70,126
nvm-windows,2014-09-20T16:37:28Z,2026-03-10T17:52:06Z,45354,Go,23,107
jest,2013-12-10T00:18:04Z,2026-03-10T20:07:25Z,45323,TypeScript,214,5774
AdminLTE,2013-12-25T02:52:40Z,2026-03-10T14:11:45Z,45317,CSS,78,1565
zx,2021-05-05T05:50:01Z,2026-03-10T21:02:21Z,45261,JavaScript,100,605
MediaCrawler,2023-06-09T12:14:34Z,2026-03-10T19:04:54Z,45197,Python,0,132
bevy,2020-01-18T21:13:55Z,2026-03-10T22:25:26Z,44996,Rust,53,7504
spotube,2021-02-14T03:17:58Z,2026-03-10T23:04:59Z,44854,Dart,43,257
Rocket.Chat,2015-05-19T07:36:09Z,2026-03-10T22:16:30Z,44853,TypeScript,1000,15706
CppCoreGuidelines,2015-08-19T20:22:52Z,2026-03-10T16:32:32Z,44826,CSS,4,825
TTS,2020-05-20T15:45:28Z,2026-03-10T21:59:56Z,44780,Python,98,467
meteor,2012-01-19T01:58:17Z,2026-03-10T22:03:56Z,44778,JavaScript,0,2678
penpot,2015-12-29T22:09:07Z,2026-03-10T22:36:04Z,44737,Clojure,69,5541
hyper,2016-07-01T06:01:21Z,2026-03-10T16:38:19Z,44713,TypeScript,88,3291
slidev,2021-04-24T01:25:23Z,2026-03-10T18:48:10Z,44713,TypeScript,419,804
legado,2019-05-22T04:18:58Z,2026-03-10T22:54:23Z,44702,Kotlin,115,1139
Leaflet,2010-09-22T16:57:44Z,2026-03-10T21:19:52Z,44619,JavaScript,34,3242
react-hook-form,2019-03-05T23:47:10Z,2026-03-10T20:00:34Z,44578,TypeScript,600,2141
airflow,2015-04-13T18:04:58Z,2026-03-10T22:44:11Z,44570,Python,114,34430
grpc,2014-12-08T18:58:53Z,2026-03-10T23:06:17Z,44466,C++,364,20514
edex-ui,2017-01-28T09:35:02Z,2026-03-10T20:05:57Z,44411,JavaScript,29,399
pyenv,2012-08-31T06:57:52Z,2026-03-10T22:38:04Z,44382,Shell,151,1045
reactjs-interview-questions,2018-05-31T17:17:01Z,2026-03-10T22:15:33Z,44341,JavaScript,0,170
awesome-compose,2020-02-13T08:51:42Z,2026-03-10T22:38:28Z,44316,HTML,0,149
build-web-application-with-golang,2012-08-02T11:49:35Z,2026-03-10T15:56:29Z,44156,Go,0,757
EasySpider,2020-07-18T02:41:27Z,2026-03-10T14:30:34Z,44054,JavaScript,10,44
parcel,2017-08-07T16:36:47Z,2026-03-10T09:42:40Z,44048,JavaScript,52,2600
iina,2016-12-19T07:18:45Z,2026-03-10T17:38:19Z,44021,Swift,47,884
awesome-remote-job,2015-01-02T00:31:34Z,2026-03-10T22:38:21Z,43986,,0,593
react-use,2018-10-27T10:16:05Z,2026-03-10T20:02:40Z,43950,TypeScript,256,1533
retrofit,2010-09-06T21:39:43Z,2026-03-10T17:52:12Z,43904,HTML,4,1345
babel,2014-09-28T13:38:23Z,2026-03-10T15:33:45Z,43899,TypeScript,452,6556
front-end-interview-handbook,2018-01-13T19:40:08Z,2026-03-10T19:39:12Z,43881,MDX,0,349
upscayl,2022-07-30T17:19:20Z,2026-03-10T20:36:29Z,43859,TypeScript,29,0
streamlit,2019-08-24T00:14:52Z,2026-03-10T23:04:51Z,43827,Python,116,6912
TensorFlow-Examples,2015-11-11T14:21:19Z,2026-03-10T11:00:12Z,43801,Jupyter Notebook,0,88
Summer2026-Internships,2020-05-23T20:53:18Z,2026-03-10T23:01:51Z,43729,Python,0,1674
cobra,2013-09-03T20:40:26Z,2026-03-10T22:33:55Z,43460,Go,27,626
LocalAI,2023-03-18T22:58:02Z,2026-03-10T22:34:01Z,43454,Go,97,4996
helix,2020-06-01T04:26:56Z,2026-03-10T21:59:03Z,43451,Rust,30,4616
jsoncrack.com,2022-01-30T15:25:18Z,2026-03-10T14:07:18Z,43422,TypeScript,22,89
TrafficMonitor,2017-07-30T02:51:17Z,2026-03-10T17:15:47Z,43384,C++,26,67
fuels-rs,2021-10-31T22:33:54Z,2026-03-10T16:42:40Z,43382,Rust,120,910
fuels-ts,2021-09-03T18:11:03Z,2026-03-10T16:42:39Z,43336,TypeScript,156,1979
sentry,2010-08-30T22:06:41Z,2026-03-10T22:52:19Z,43318,Python,163,82105
milvus,2019-09-16T06:43:43Z,2026-03-10T23:01:08Z,43297,Go,153,24861
copyparty,2019-05-26T15:28:33Z,2026-03-10T22:59:52Z,43296,Python,337,172
cli,2019-10-03T15:24:53Z,2026-03-10T22:33:46Z,43077,Go,190,2824
pm2,2013-05-21T03:25:25Z,2026-03-10T19:23:50Z,42974,JavaScript,134,558
spark,2014-02-25T08:00:08Z,2026-03-10T23:04:03Z,42960,Scala,0,9
CPlusPlusThings,2019-07-14T08:45:45Z,2026-03-10T18:54:28Z,42950,C++,0,72
kong,2014-11-17T23:56:08Z,2026-03-10T22:58:22Z,42918,Lua,145,6501
zig,2015-08-06T00:51:28Z,2026-03-10T22:15:42Z,42902,Zig,21,9540
tmux,2015-06-03T23:32:55Z,2026-03-10T22:08:41Z,42883,C,39,3
what-happens-when,2013-11-07T04:30:06Z,2026-03-10T18:56:43Z,42804,,0,108
python-patterns,2012-06-06T21:02:35Z,2026-03-10T22:01:04Z,42787,Python,0,289
awesome-claude-skills,2025-10-17T07:15:01Z,2026-03-10T23:02:40Z,42705,Python,0,20
mitmproxy,2010-02-16T04:10:13Z,2026-03-10T22:38:34Z,42602,Python,79,2741
RSSHub,2018-04-02T14:43:21Z,2026-03-10T20:09:13Z,42530,TypeScript,0,12132
fanqiang,2015-01-14T00:34:25Z,2026-03-10T18:45:29Z,42514,Kotlin,3,3
pandoc,2010-03-20T20:34:23Z,2026-03-10T21:23:51Z,42502,Haskell,153,1761
Umi-OCR,2022-03-28T04:01:46Z,2026-03-10T22:14:35Z,42487,Python,31,58
git-flight-rules,2014-07-22T20:35:09Z,2026-03-10T17:44:24Z,42481,,0,226
exo,2024-06-24T18:36:22Z,2026-03-10T18:50:13Z,42438,Python,13,615
Alamofire,2014-07-31T05:56:19Z,2026-03-10T17:44:39Z,42354,Swift,104,664
Files,2019-01-04T18:19:14Z,2026-03-10T21:57:15Z,42350,C#,131,5521
ailearning,2017-02-25T08:53:02Z,2026-03-10T13:55:38Z,42109,Python,2,478
chatgpt-on-wechat,2022-08-07T08:33:41Z,2026-03-10T18:14:02Z,42101,Python,66,290
zod,2020-03-07T20:59:08Z,2026-03-10T21:56:32Z,42079,TypeScript,201,975
diagrams,2020-02-02T15:23:24Z,2026-03-10T17:45:11Z,42058,Python,46,341
fd,2017-05-09T21:27:10Z,2026-03-10T22:25:54Z,42043,Rust,44,714
gradio,2018-12-19T08:24:04Z,2026-03-10T23:02:56Z,41986,Python,1000,5364
full-stack-fastapi-template,2019-02-23T15:08:34Z,2026-03-10T22:07:59Z,41945,TypeScript,12,622
swiper,2012-03-14T19:11:45Z,2026-03-10T20:42:57Z,41804,JavaScript,94,619
DeepSpeed,2020-01-23T18:35:18Z,2026-03-10T19:38:41Z,41786,Python,107,2949
aider,2023-05-09T18:57:49Z,2026-03-10T21:43:24Z,41778,Python,93,285
siyuan,2020-08-30T09:21:35Z,2026-03-10T22:41:19Z,41771,TypeScript,879,704
ray,2016-10-25T19:38:30Z,2026-03-10T21:22:33Z,41737,Python,122,30128
dubbo,2012-06-19T07:56:02Z,2026-03-10T20:42:56Z,41709,Java,113,6023
English-level-up-tips,2017-05-30T07:18:52Z,2026-03-10T17:54:30Z,41690,,0,26
bruno,2022-09-27T20:51:45Z,2026-03-10T22:49:25Z,41630,JavaScript,160,2067
nw.js,2012-01-04T06:21:10Z,2026-03-10T16:57:22Z,41570,JavaScript,0,576
yarn,2016-01-19T17:39:16Z,2026-03-08T14:23:29Z,41532,JavaScript,153,1655
logseq,2020-05-23T00:06:06Z,2026-03-10T21:16:39Z,41526,Clojure,152,3133
Win11Debloat,2020-10-27T22:26:59Z,2026-03-10T22:40:29Z,41515,PowerShell,25,66
system-design,2022-08-15T18:59:54Z,2026-03-10T17:30:59Z,41484,,0,12
uni-app,2018-07-12T08:52:39Z,2026-03-10T20:00:12Z,41445,JavaScript,0,555
black,2018-03-14T19:54:45Z,2026-03-10T17:20:04Z,41427,Python,52,1734
pure-bash-bible,2018-06-13T01:39:33Z,2026-03-10T09:33:21Z,41412,Shell,0,28
ColossalAI,2021-10-28T16:19:44Z,2026-03-10T12:29:51Z,41359,Python,50,3705
hexo,2012-09-23T15:17:08Z,2026-03-10T14:44:49Z,41295,TypeScript,117,975
ccxt,2017-05-14T15:41:56Z,2026-03-10T18:43:03Z,41278,Python,216,14225
ChatGLM-6B,2023-03-13T12:00:18Z,2026-03-10T16:09:22Z,41229,Python,0,49
curl,2010-03-18T22:32:22Z,2026-03-10T20:44:22Z,41196,C,94,203
cherry-studio,2024-05-24T01:56:26Z,2026-03-10T20:02:07Z,41190,TypeScript,246,3049
vue2-elm,2016-12-23T01:49:20Z,2026-03-10T05:46:06Z,41161,Vue,0,21
fastlane,2014-12-02T17:00:38Z,2026-03-10T19:03:23Z,41147,Ruby,560,6344
payload,2021-01-05T18:49:45Z,2026-03-10T23:02:22Z,41111,TypeScript,559,6770
hyperswitch,2022-10-17T11:18:28Z,2026-03-10T20:49:49Z,41087,Rust,152,6547
cheat.sh,2017-05-07T21:40:56Z,2026-03-10T18:04:06Z,41069,Python,0,129
styled-components,2016-08-16T06:41:32Z,2026-03-10T19:58:57Z,41028,TypeScript,189,995
vuetify,2016-09-12T00:39:35Z,2026-03-10T20:06:04Z,40988,TypeScript,641,4667
jan,2023-08-17T02:17:10Z,2026-03-10T23:00:35Z,40927,TypeScript,97,3462
minimind,2024-07-27T04:34:12Z,2026-03-10T21:47:43Z,40887,Python,2,9
tabler,2018-02-01T09:08:59Z,2026-03-10T22:00:29Z,40830,HTML,51,787
WeChatMsg,2023-01-11T05:03:49Z,2026-03-10T15:35:52Z,40625,,0,62
desktop,2024-03-28T00:05:55Z,2026-03-10T21:01:48Z,40583,JavaScript,155,793
bubbletea,2020-01-10T21:04:03Z,2026-03-10T22:22:42Z,40532,Go,73,676
cal.com,2021-03-22T13:47:42Z,2026-03-10T21:17:11Z,40524,TypeScript,611,12920
50projects50days,2020-11-16T14:39:01Z,2026-03-10T18:17:45Z,40480,CSS,0,44
data-engineer-handbook,2023-11-19T19:47:41Z,2026-03-10T22:56:07Z,40467,Jupyter Notebook,0,177
daisyui,2020-11-28T22:57:27Z,2026-03-10T14:44:09Z,40452,Svelte,184,528
chakra-ui,2019-08-17T14:27:54Z,2026-03-10T20:44:03Z,40411,TypeScript,1000,2929
twenty,2022-12-01T13:04:40Z,2026-03-10T22:58:51Z,40351,JavaScript,59,10188
zju-icicles,2016-06-28T16:17:32Z,2026-03-10T22:12:50Z,40322,HTML,0,232
HEU_KMS_Activator,2019-06-23T00:49:35Z,2026-03-10T18:45:27Z,40292,,49,0
aria2,2010-11-27T09:41:48Z,2026-03-10T21:38:55Z,40243,C++,24,256
wrk,2012-03-20T11:12:28Z,2026-03-10T20:03:13Z,40120,C,0,0
remote-jobs,2015-10-13T03:49:25Z,2026-03-10T21:59:30Z,40080,Nunjucks,0,1374
php-src,2011-06-16T01:52:25Z,2026-03-10T23:06:32Z,40056,C,42,4801
BMAD-METHOD,2025-04-13T14:54:25Z,2026-03-10T22:43:56Z,40035,JavaScript,24,411
vim,2015-08-18T21:03:56Z,2026-03-10T22:57:21Z,39985,Vim Script,0,440
tidb,2015-09-06T04:01:52Z,2026-03-10T22:49:43Z,39933,Go,213,34670
bert,2018-10-25T22:57:34Z,2026-03-10T15:22:34Z,39901,Python,0,32
esbuild,2016-06-14T16:08:50Z,2026-03-10T20:44:06Z,39879,Go,309,258
puter,2024-03-03T01:44:32Z,2026-03-10T21:09:33Z,39864,JavaScript,8,1339
gorm,2013-10-25T08:31:38Z,2026-03-10T20:44:10Z,39720,Go,11,775
trpc,2020-07-18T01:17:11Z,2026-03-10T22:59:26Z,39713,TypeScript,231,3854
free,2020-06-07T02:48:33Z,2026-03-10T18:37:12Z,39702,,0,0
Fabric,2024-01-03T23:18:31Z,2026-03-10T22:32:28Z,39623,Go,387,605
ui-ux-pro-max-skill,2025-11-30T11:36:31Z,2026-03-10T23:07:31Z,39565,Python,17,64
video.js,2010-05-14T18:45:10Z,2026-03-10T21:23:28Z,39519,JavaScript,334,1819
photoprism,2018-01-27T12:00:15Z,2026-03-10T21:29:52Z,39496,Go,80,887
Deep-Learning-Papers-Reading-Roadmap,2016-10-14T11:49:48Z,2026-03-10T04:34:38Z,39480,Python,0,28
FastChat,2023-03-19T00:18:02Z,2026-03-10T13:27:14Z,39419,Python,14,852
fiber,2020-01-16T03:59:20Z,2026-03-10T19:38:10Z,39359,Go,135,2118
appsmith,2020-06-30T04:07:36Z,2026-03-10T21:31:48Z,39356,TypeScript,302,14092
faiss,2017-02-07T16:07:05Z,2026-03-10T21:46:58Z,39321,C++,25,137
Awesome-Design-Tools,2019-02-12T13:55:30Z,2026-03-10T21:27:08Z,39241,JavaScript,0,283
phaser,2013-04-12T12:27:51Z,2026-03-10T22:04:57Z,39155,JavaScript,173,1734
materialize,2014-09-12T19:35:38Z,2026-03-10T15:00:26Z,39126,JavaScript,41,449
Mole,2025-09-23T06:38:40Z,2026-03-10T22:37:15Z,39102,Shell,29,127
styleguide,2015-05-20T19:18:59Z,2026-03-10T10:45:12Z,39089,HTML,0,197
shellcheck,2012-11-17T03:15:11Z,2026-03-10T20:54:13Z,39083,Haskell,30,331
cobalt,2022-07-08T18:12:55Z,2026-03-10T22:43:19Z,39063,Svelte,0,249
remotion,2020-06-23T19:49:10Z,2026-03-10T23:05:27Z,39050,TypeScript,596,4202
bark,2023-04-07T19:34:48Z,2026-03-10T22:12:50Z,39042,Jupyter Notebook,0,19
data-engineering-zoomcamp,2021-10-21T09:32:50Z,2026-03-10T22:29:13Z,39006,Jupyter Notebook,0,454
quivr,2023-05-12T23:53:30Z,2026-03-10T21:44:17Z,38981,Python,354,1824
lossless-cut,2016-10-30T10:49:56Z,2026-03-10T21:21:10Z,38920,TypeScript,105,223
ChatTTS,2024-05-27T18:26:49Z,2026-03-10T22:45:43Z,38903,Python,6,220
leveldb,2014-08-27T21:17:52Z,2026-03-10T19:38:55Z,38888,C++,21,64
chatbox,2023-03-06T12:22:15Z,2026-03-10T20:51:25Z,38871,TypeScript,52,0
oh-my-openagent,2025-12-03T01:40:05Z,2026-03-10T23:05:27Z,38815,TypeScript,150,657
nushell,2019-05-10T16:59:42Z,2026-03-10T22:54:10Z,38739,Rust,117,8487
novu,2021-08-26T15:22:44Z,2026-03-10T22:59:32Z,38680,TypeScript,108,6896
mindsdb,2018-08-02T17:56:45Z,2026-03-10T22:38:26Z,38667,Python,337,5787
devdocs,2013-10-24T18:16:07Z,2026-03-10T21:15:18Z,38591,Ruby,0,982
qlib,2020-08-14T06:46:00Z,2026-03-10T22:38:29Z,38577,Python,23,751
agno,2022-05-04T15:23:02Z,2026-03-10T23:03:56Z,38568,Python,174,2917
litellm,2023-07-27T00:09:52Z,2026-03-10T23:07:58Z,38529,Python,1000,9904
impress.js,2011-12-28T22:23:19Z,2026-03-10T21:10:54Z,38516,JavaScript,15,124
preact,2015-09-11T02:40:18Z,2026-03-10T19:32:07Z,38466,JavaScript,241,1994
awesome-cursorrules,2024-09-16T15:38:38Z,2026-03-10T22:58:32Z,38373,MDX,0,70
googletest,2015-07-28T15:07:53Z,2026-03-10T21:45:48Z,38320,C++,11,813
python-cheatsheet,2018-01-25T04:16:53Z,2026-03-10T22:08:07Z,38275,Python,0,0
MPAndroidChart,2014-04-25T14:29:47Z,2026-03-10T09:48:07Z,38227,Java,44,191
istio,2016-11-18T23:57:21Z,2026-03-10T20:44:14Z,38147,Go,426,29490
lapce,2018-02-06T08:41:06Z,2026-03-10T22:53:34Z,38124,Rust,35,1177
halo,2018-03-21T12:56:52Z,2026-03-10T22:44:41Z,38065,Java,251,2960
insomnia,2016-04-23T03:54:26Z,2026-03-10T22:10:09Z,38031,TypeScript,547,3753
ant-design-pro,2017-08-25T10:40:44Z,2026-03-10T20:09:02Z,37989,TypeScript,26,1025
tesseract.js,2015-06-24T02:49:52Z,2026-03-10T20:30:40Z,37912,JavaScript,57,204
BettaFish,2024-07-01T13:11:38Z,2026-03-10T23:01:41Z,37857,Python,6,105
aspnetcore,2014-03-11T06:09:42Z,2026-03-10T20:49:02Z,37771,C#,279,18628
wtfjs,2017-07-14T15:42:12Z,2026-03-10T21:13:28Z,37735,JavaScript,25,125
metasploit-framework,2011-08-30T06:13:20Z,2026-03-10T21:42:34Z,37681,Ruby,0,11670
polars,2020-05-13T19:45:33Z,2026-03-10T19:55:18Z,37680,Rust,248,12760
cli,2012-02-25T12:39:13Z,2026-03-10T20:42:12Z,37672,Python,47,406
freecodecamp.cn,2016-09-30T03:13:43Z,2026-03-10T15:13:56Z,37638,CSS,0,55
ToolJet,2021-03-30T08:51:34Z,2026-03-10T23:07:04Z,37584,JavaScript,456,7778
interview,2018-02-09T09:49:48Z,2026-03-10T18:45:05Z,37583,C++,0,36
Folo,2024-04-08T03:23:35Z,2026-03-10T22:38:36Z,37580,TypeScript,93,1436
v,2019-02-08T02:57:06Z,2026-03-10T22:18:51Z,37538,V,303,13090
outline,2016-05-22T21:31:47Z,2026-03-10T22:38:24Z,37530,TypeScript,157,4180
it-tools,2020-04-05T11:50:24Z,2026-03-10T20:45:55Z,37506,Vue,10,493
NewPipe,2015-09-03T23:39:26Z,2026-03-10T22:55:19Z,37480,Java,141,1798
vnpy,2015-03-02T03:36:58Z,2026-03-10T22:26:47Z,37470,Python,66,1063
Langchain-Chatchat,2023-03-31T12:12:45Z,2026-03-10T20:15:22Z,37465,Python,31,621
Open-Assistant,2022-12-13T05:24:17Z,2026-03-10T17:45:19Z,37439,Python,127,1616
google-research,2018-10-04T18:42:48Z,2026-03-10T18:18:30Z,37426,Jupyter Notebook,0,29
GFPGAN,2021-03-19T06:18:20Z,2026-03-10T11:26:06Z,37394,Python,8,14
engineering-blogs,2015-06-13T18:25:17Z,2026-03-10T22:57:04Z,37370,Ruby,0,681
tutorials,2013-04-29T18:26:36Z,2026-03-10T21:01:14Z,37354,Java,0,13725
taro,2018-04-08T09:32:26Z,2026-03-10T14:29:22Z,37344,TypeScript,207,3465
llvm-project,2016-12-07T09:39:33Z,2026-03-10T22:38:10Z,37310,LLVM,149,75975
spacedrive,2021-09-27T05:09:04Z,2026-03-10T20:31:51Z,37289,Rust,28,1957
paperless-ngx,2022-02-12T21:56:52Z,2026-03-10T22:23:19Z,37263,Python,143,3020
deeplearningbook-chinese,2016-12-07T11:46:51Z,2026-03-10T15:42:51Z,37209,TeX,7,16
interview_internal_reference,2019-06-10T06:54:19Z,2026-03-10T14:57:19Z,37204,Python,0,35
compose,2013-12-09T11:40:58Z,2026-03-10T22:44:35Z,37203,Go,275,3756
arthas,2018-08-29T17:15:57Z,2026-03-10T23:04:31Z,37163,Java,69,582
manim,2020-05-19T02:37:13Z,2026-03-10T22:45:21Z,37143,Python,33,2042
RevokeMsgPatcher,2019-07-21T15:12:52Z,2026-03-10T16:17:05Z,37091,C#,21,12
gym,2016-04-27T14:59:16Z,2026-03-10T20:49:45Z,37080,Python,19,999
stats,2019-05-29T19:24:56Z,2026-03-10T21:02:33Z,36924,Swift,323,433
wtfpython,2017-08-28T20:22:19Z,2026-03-10T09:45:26Z,36920,Python,2,113
JavaFamily,2019-11-12T04:26:18Z,2026-03-10T14:09:36Z,36904,,0,2
MockingBird,2021-08-07T03:53:39Z,2026-03-10T16:11:46Z,36878,Python,1,82
drawdb,2023-07-16T17:09:20Z,2026-03-10T21:56:49Z,36855,JavaScript,0,351
docs,2024-05-07T16:49:36Z,2026-03-10T13:24:21Z,36817,MDX,0,407
REKCARC-TSC-UHT,2019-04-05T03:31:23Z,2026-03-10T12:01:15Z,36806,HTML,0,175
portainer,2016-05-19T20:15:28Z,2026-03-10T22:44:14Z,36805,TypeScript,176,4785
sqlmap,2012-06-26T09:52:15Z,2026-03-10T21:56:20Z,36800,Python,11,180
node,2024-05-13T23:20:40Z,2026-03-10T13:24:23Z,36767,Shell,6,36
gkd,2023-07-04T03:59:15Z,2026-03-10T19:16:30Z,36709,Kotlin,64,10
shadowsocks-android,2012-12-16T13:40:29Z,2026-03-10T05:32:29Z,36689,Kotlin,186,258
ink-kit,2024-11-04T16:32:17Z,2026-03-10T13:24:22Z,36673,TypeScript,0,91
supervision,2022-11-28T14:08:44Z,2026-03-10T21:50:52Z,36670,Python,35,1130
marked,2011-07-24T13:15:51Z,2026-03-10T15:42:52Z,36641,TypeScript,166,1644
awesome-shell,2014-07-07T01:57:42Z,2026-03-10T22:58:49Z,36617,,0,307
og-aws,2016-07-13T17:30:16Z,2026-03-10T15:53:41Z,36591,Shell,0,498
react-bits,2024-08-06T06:54:54Z,2026-03-10T23:00:21Z,36590,JavaScript,0,157
duckdb,2018-06-26T15:04:45Z,2026-03-10T23:05:55Z,36546,C++,57,9657
GPT_API_free,2023-04-23T12:42:08Z,2026-03-10T20:39:05Z,36528,Python,0,1
date-fns,2014-10-06T10:24:22Z,2026-03-10T10:34:26Z,36510,TypeScript,122,1068
pytorch-image-models,2019-02-02T05:51:12Z,2026-03-10T18:12:59Z,36471,Python,75,526
LLM101n,2024-05-27T00:23:38Z,2026-03-10T21:18:29Z,36458,,0,0
Coursera-ML-AndrewNg-Notes,2017-11-04T10:04:08Z,2026-03-10T16:59:18Z,36443,HTML,0,14
typeorm,2016-02-29T07:41:14Z,2026-03-10T22:47:05Z,36376,TypeScript,40,2436
headscale,2020-06-21T09:21:05Z,2026-03-10T22:38:28Z,36288,Go,132,1233
sheetjs,2012-12-03T19:25:52Z,2026-03-10T23:05:00Z,36205,,0,106
HanLP,2014-10-09T06:36:16Z,2026-03-10T22:19:46Z,36185,Python,62,79
slate,2013-09-13T22:15:24Z,2026-03-10T19:52:55Z,36158,,28,298
955.WLB,2019-03-27T23:53:37Z,2026-03-10T19:59:56Z,36152,,0,18
lerna,2015-12-04T09:36:55Z,2026-03-10T17:39:51Z,36090,TypeScript,249,1026
OpenVoice,2023-11-29T12:17:01Z,2026-03-10T18:18:20Z,36060,Python,0,18
aseprite,2014-08-19T23:44:50Z,2026-03-10T20:32:38Z,36027,C++,123,483
hello-algorithm,2020-05-29T05:47:09Z,2026-03-10T11:31:16Z,36020,Java,0,26
carbon,2017-06-16T02:50:28Z,2026-03-10T16:37:40Z,35976,JavaScript,215,669
DragGAN,2023-05-18T10:08:02Z,2026-03-10T20:57:37Z,35965,Python,0,18
servo,2012-02-08T19:07:25Z,2026-03-10T23:05:09Z,35935,Rust,5,23146
qBittorrent,2012-02-04T09:37:46Z,2026-03-10T22:50:13Z,35899,C++,0,4133
manifesto,2023-08-13T16:17:24Z,2026-03-10T06:36:17Z,35888,HTML,0,765
awesome-deepseek-integration,2024-01-11T02:43:17Z,2026-03-10T22:38:35Z,35861,,0,289
ShareX,2013-10-08T23:32:10Z,2026-03-10T21:54:56Z,35835,C#,85,774
AgentGPT,2023-04-07T02:29:19Z,2026-03-10T15:48:23Z,35794,TypeScript,12,541
fastify,2016-09-28T19:10:14Z,2026-03-10T20:02:27Z,35779,JavaScript,309,3280
mattermost,2015-06-15T06:50:02Z,2026-03-10T21:16:44Z,35751,TypeScript,937,20582
leetcode,2018-09-16T14:03:03Z,2026-03-10T20:00:20Z,35744,Java,21,4471
koa,2013-07-20T18:53:45Z,2026-03-10T22:00:28Z,35742,JavaScript,16,541
Xray-core,2020-11-09T11:23:10Z,2026-03-10T22:14:19Z,35725,Go,106,1221
ruoyi-vue-pro,2021-01-24T03:18:25Z,2026-03-10T16:50:26Z,35721,Java,54,73
reactive-resume,2020-03-25T14:08:22Z,2026-03-10T21:59:01Z,35666,TypeScript,110,733
linux-command,2016-11-12T15:44:26Z,2026-03-10T16:00:32Z,35641,Markdown,32,370
awesome-docker,2014-09-21T17:01:48Z,2026-03-10T22:35:02Z,35637,Makefile,1,997
awesome-react-native,2015-03-26T19:58:06Z,2026-03-10T19:59:30Z,35623,JavaScript,0,912
umami,2020-07-17T07:59:00Z,2026-03-10T21:35:50Z,35613,TypeScript,106,874
lottie-android,2016-10-06T22:42:42Z,2026-03-10T13:12:17Z,35599,Java,63,720
vim-plug,2013-09-10T14:58:51Z,2026-03-10T16:17:13Z,35578,Vim Script,8,179
xyflow,2019-07-15T14:47:30Z,2026-03-10T20:44:50Z,35575,TypeScript,369,1468
tiptap,2018-08-20T19:58:58Z,2026-03-10T22:39:21Z,35554,TypeScript,951,1507
fullPage.js,2013-09-20T11:58:29Z,2026-03-10T11:36:17Z,35487,JavaScript,109,327
ink,2017-06-12T06:12:28Z,2026-03-10T20:45:28Z,35485,TypeScript,72,293
solid,2018-04-24T16:36:27Z,2026-03-10T22:19:54Z,35379,TypeScript,36,395
nativefier,2015-07-05T05:56:42Z,2026-03-10T18:19:01Z,35360,TypeScript,99,261
worldmonitor,2026-01-08T17:26:06Z,2026-03-10T22:56:53Z,35321,TypeScript,43,896
dioxus,2021-01-15T01:57:26Z,2026-03-10T20:22:49Z,35227,Rust,33,1971
hackathon-starter,2013-11-13T17:24:12Z,2026-03-10T17:48:46Z,35216,JavaScript,18,456
vault,2015-02-25T00:15:59Z,2026-03-10T21:07:26Z,35186,Go,176,21325
the-way-to-go_ZH_CN,2013-03-24T17:18:38Z,2026-03-10T13:43:49Z,35158,Go,0,592
Sunshine,2021-12-15T23:38:57Z,2026-03-10T23:02:43Z,35120,C++,45,1739
rufus,2011-11-19T19:12:05Z,2026-03-10T20:19:37Z,35049,C,88,1
jax,2018-10-25T21:25:02Z,2026-03-10T23:01:50Z,35044,Python,134,17874
glide,2013-07-08T22:52:33Z,2026-03-10T05:32:37Z,35036,Java,54,605
zsh-autosuggestions,2013-10-26T16:09:37Z,2026-03-10T22:17:01Z,34985,Shell,0,116
Trilium,2017-05-23T00:30:20Z,2026-03-10T20:32:28Z,34980,TypeScript,349,1841
HowToLiveLonger,2022-04-16T04:15:18Z,2026-03-10T12:38:18Z,34971,,0,14
awesome-javascript,2014-07-01T15:59:02Z,2026-03-10T22:37:54Z,34922,,0,404
husky,2014-06-23T12:14:21Z,2026-03-10T21:31:38Z,34853,JavaScript,80,262
netty,2010-11-09T09:22:21Z,2026-03-10T22:14:13Z,34843,Java,0,5077
Python,2011-11-30T09:04:08Z,2026-03-10T19:18:35Z,34814,Python,0,2017
jieba,2012-09-29T07:52:01Z,2026-03-10T13:50:28Z,34791,Python,9,96
caffe,2013-09-12T18:39:48Z,2026-03-10T12:40:09Z,34773,C++,14,1087
Retrieval-based-Voice-Conversion-WebUI,2023-03-27T09:59:10Z,2026-03-10T16:02:55Z,34743,Python,7,477
Hello-Python,2022-08-03T17:14:53Z,2026-03-10T22:56:08Z,34736,Python,0,0
awesome-system-design-resources,2023-10-25T01:50:42Z,2026-03-10T23:02:18Z,34734,Java,0,3
textual,2021-04-08T15:24:47Z,2026-03-10T22:35:45Z,34730,Python,214,2286
How-To-Ask-Questions-The-Smart-Way,2015-03-28T16:52:40Z,2026-03-10T16:40:46Z,34684,JavaScript,0,98
claude-cookbooks,2023-08-15T20:23:51Z,2026-03-10T22:59:50Z,34648,Jupyter Notebook,0,148
bulletproof-react,2021-05-30T14:47:16Z,2026-03-10T21:12:11Z,34614,TypeScript,0,70
Real-ESRGAN,2021-07-19T03:23:30Z,2026-03-10T21:52:05Z,34586,Python,10,21
framework,2013-01-10T21:27:28Z,2026-03-10T22:18:25Z,34573,PHP,913,17587
langextract,2025-07-08T20:46:06Z,2026-03-10T23:04:18Z,34547,Python,12,78
LibreChat,2023-02-12T01:06:52Z,2026-03-10T22:58:54Z,34509,TypeScript,82,2924
awesome-cto,2016-12-16T19:22:18Z,2026-03-10T22:38:24Z,34483,,0,18
awesome-openclaw-skills,2026-01-25T09:22:32Z,2026-03-10T23:05:24Z,34458,,0,71
Hyprland,2022-03-16T19:49:13Z,2026-03-10T22:50:56Z,34455,C++,108,2302
directus,2012-12-12T01:35:36Z,2026-03-10T22:22:41Z,34440,TypeScript,358,8567
formik,2017-06-14T19:50:59Z,2026-03-10T20:01:56Z,34385,TypeScript,200,836
poetry,2018-02-28T15:23:47Z,2026-03-10T20:43:59Z,34372,Python,147,2428
mpv,2012-10-13T08:08:44Z,2026-03-10T21:28:32Z,34370,C,88,3800
gold-miner,2015-11-04T03:29:13Z,2026-03-10T05:32:40Z,34347,,0,3563
zoxide,2020-03-05T13:11:40Z,2026-03-10T22:51:30Z,34345,Rust,37,247
croc,2017-10-17T15:20:18Z,2026-03-10T20:58:15Z,34344,Go,182,287
pnpm,2016-01-28T07:40:43Z,2026-03-10T23:07:13Z,34342,TypeScript,1000,3038
node-v0.x-archive,2009-05-27T16:29:46Z,2026-03-10T11:39:19Z,34339,,0,218
server,2016-06-02T07:44:14Z,2026-03-10T22:36:07Z,34295,PHP,405,30998
CyberChef,2016-11-28T10:34:07Z,2026-03-10T22:17:33Z,34255,JavaScript,451,565
RuView,2025-06-07T04:32:30Z,2026-03-10T23:09:15Z,34253,Rust,10,36
TaskMatrix,2023-03-02T09:04:28Z,2026-03-10T08:30:45Z,34234,Python,0,21
1Panel,2022-07-19T15:44:52Z,2026-03-10T22:38:31Z,34220,Go,110,4736
refine,2021-01-20T12:01:32Z,2026-03-10T20:33:13Z,34201,TypeScript,1000,4656
detectron2,2019-09-05T21:30:20Z,2026-03-10T15:58:58Z,34197,Python,10,0
12306,2017-05-17T12:23:40Z,2026-03-10T19:22:24Z,34185,Python,1,31
clipboard.js,2015-09-18T23:04:55Z,2026-03-09T02:56:53Z,34177,JavaScript,42,117
Data-Science-For-Beginners,2021-03-03T16:30:15Z,2026-03-10T22:36:58Z,34176,Jupyter Notebook,0,455
spring-boot-demo,2017-11-10T06:27:29Z,2026-03-10T19:09:49Z,34107,Java,0,15
selenium,2013-01-14T21:40:56Z,2026-03-10T21:48:17Z,34104,Java,114,3658
system_prompts_leaks,2025-05-03T02:43:56Z,2026-03-10T22:35:03Z,34103,HTML,0,20
JavaScript,2017-07-13T06:12:33Z,2026-03-10T21:40:56Z,34083,JavaScript,0,798
mediapipe,2019-06-13T19:16:41Z,2026-03-10T15:50:00Z,34060,C++,64,201
react-beautiful-dnd,2017-08-09T03:37:15Z,2026-03-10T19:39:38Z,34046,JavaScript,68,531
anoma,2021-02-02T10:00:16Z,2026-03-10T13:36:08Z,34022,Elixir,12,897
AnotherRedisDesktopManager,2019-01-08T06:01:56Z,2026-03-10T11:46:07Z,34016,JavaScript,53,152
claude-mem,2025-08-31T20:50:03Z,2026-03-10T23:02:10Z,33985,TypeScript,212,213
nps,2018-11-04T13:22:51Z,2026-03-10T17:16:17Z,33944,Go,59,74
jq,2012-07-18T19:57:25Z,2026-03-10T20:44:07Z,33927,C,15,685
C-Plus-Plus,2016-07-16T10:19:45Z,2026-03-10T21:04:01Z,33917,C++,0,705
zxing,2011-10-12T14:07:27Z,2026-03-10T03:48:57Z,33879,Java,32,345
harness,2014-02-07T07:54:44Z,2026-03-10T15:47:38Z,33871,Go,55,1053
Clone-Wars,2020-12-02T11:10:16Z,2026-03-10T16:21:28Z,33861,,0,130
openpose,2017-04-24T14:06:31Z,2026-03-10T17:57:07Z,33847,C++,15,174
LeetCode-Go,2017-07-18T00:06:14Z,2026-03-10T16:33:21Z,33816,Go,4,178
gpt-pilot,2023-08-16T11:56:07Z,2026-03-10T13:29:37Z,33809,Python,0,396
filebrowser,2015-09-11T21:21:58Z,2026-03-10T22:51:35Z,33796,Go,130,771
easyexcel,2018-02-06T03:14:08Z,2026-03-10T08:38:04Z,33765,Java,14,190
yazi,2023-07-08T11:45:55Z,2026-03-10T21:03:13Z,33714,Rust,30,1134
ControlNet,2023-02-01T02:43:30Z,2026-03-10T15:48:23Z,33708,Python,0,5
AndroidUtilCode,2016-07-30T18:18:32Z,2026-03-10T17:23:48Z,33707,Java,117,88
AFNetworking,2011-05-31T21:28:44Z,2026-03-10T01:54:00Z,33684,Objective-C,40,710
everyone-can-use-english,2019-03-15T16:33:53Z,2026-03-10T16:20:52Z,33679,TypeScript,48,462
carbon-lang,2020-04-27T21:45:16Z,2026-03-10T21:36:26Z,33639,C++,608,5058
shadowsocks,2012-04-20T13:10:49Z,2026-03-10T09:46:38Z,33631,Python,2,70
XX-Net,2015-01-15T09:35:51Z,2026-03-10T11:53:53Z,33454,Python,390,363
v2ray-core,2019-04-15T10:05:54Z,2026-03-10T21:51:45Z,33374,Go,122,985
CasaOS,2021-09-26T02:33:09Z,2026-03-10T21:36:52Z,33372,Go,97,275
libpku,2018-11-22T13:33:06Z,2026-03-10T18:08:47Z,33366,TeX,0,22
khoj,2021-08-16T01:48:44Z,2026-03-10T22:56:06Z,33333,Python,170,487
spaCy,2014-07-03T15:15:40Z,2026-03-10T21:35:44Z,33295,Python,133,3598
swc,2017-12-22T11:40:14Z,2026-03-10T22:16:20Z,33289,Rust,780,5904
awesome-awesomeness,2014-07-08T05:44:19Z,2026-03-10T20:28:16Z,33285,Ruby,0,197
etcher,2015-10-27T16:53:23Z,2026-03-10T20:15:25Z,33266,TypeScript,289,1731
keycloak,2013-07-02T13:38:51Z,2026-03-10T22:14:49Z,33240,Java,102,19305
drizzle-orm,2021-06-24T09:03:05Z,2026-03-10T21:26:31Z,33214,TypeScript,170,661
prompt-eng-interactive-tutorial,2024-04-02T15:52:00Z,2026-03-10T23:00:40Z,33208,Jupyter Notebook,0,1
learnGitBranching,2012-08-13T22:36:09Z,2026-03-10T18:43:42Z,33207,JavaScript,0,652
UTM,2019-04-12T16:09:24Z,2026-03-10T22:49:21Z,33183,Swift,128,277
wails,2018-12-15T23:14:06Z,2026-03-10T22:22:27Z,33174,Go,292,1690
awesome-sysadmin,2014-12-23T08:41:22Z,2026-03-10T22:38:21Z,33165,,0,342
ijkplayer,2013-06-03T04:12:04Z,2026-03-10T09:17:47Z,33122,C,0,35
brackets,2011-12-07T21:14:40Z,2026-03-10T18:20:46Z,33106,JavaScript,69,4332
immutable-js,2014-07-02T06:02:29Z,2026-03-10T19:40:03Z,33097,TypeScript,93,622
chatbot-ui,2023-03-11T14:53:14Z,2026-03-10T10:58:40Z,33084,TypeScript,0,281
shannon,2025-09-27T01:51:47Z,2026-03-10T23:09:05Z,33076,TypeScript,0,61
trivy,2019-04-11T01:01:07Z,2026-03-10T22:28:12Z,33059,Go,85,3500
FlClash,2023-08-15T07:47:22Z,2026-03-10T22:53:11Z,33025,Dart,102,2
k9s,2019-01-25T18:46:02Z,2026-03-10T19:23:30Z,33023,Go,257,965
gulp,2013-07-04T05:26:06Z,2026-03-10T20:09:33Z,33013,JavaScript,24,412
tabby,2023-03-16T09:18:01Z,2026-03-10T16:52:19Z,33004,Rust,249,3001
AdGuardHome,2016-07-06T10:31:47Z,2026-03-10T22:59:31Z,33003,Go,230,125
serenity,2018-12-02T19:28:41Z,2026-03-10T18:35:05Z,32991,C++,0,19928
diffusers,2022-05-30T16:04:02Z,2026-03-10T21:07:25Z,32985,Python,89,5530
sniffnet,2022-07-31T21:55:56Z,2026-03-10T22:04:49Z,32939,Rust,16,488
firecracker,2017-10-19T06:18:47Z,2026-03-10T23:01:18Z,32935,Rust,85,3436
ShadowsocksX-NG,2016-06-10T11:49:00Z,2026-03-10T03:19:11Z,32905,Swift,30,64
fish-shell,2012-05-10T03:00:55Z,2026-03-10T23:05:51Z,32905,Rust,62,2192
OCRmyPDF,2013-12-20T08:26:28Z,2026-03-10T19:44:50Z,32902,Python,52,169
stb,2014-05-25T16:51:23Z,2026-03-10T22:09:47Z,32892,C,0,291
certbot,2014-11-12T02:52:20Z,2026-03-10T22:46:03Z,32892,Python,69,4080
modern-unix,2021-01-12T00:50:14Z,2026-03-10T09:08:23Z,32816,,0,15
goose,2024-08-23T19:03:36Z,2026-03-10T23:07:58Z,32797,Rust,123,4324
go-zero,2020-08-07T15:37:57Z,2026-03-10T20:21:49Z,32784,Go,149,2435
backstage,2020-01-24T22:39:49Z,2026-03-10T18:45:39Z,32770,TypeScript,497,20444
CLIP,2020-12-16T11:24:42Z,2026-03-10T15:45:23Z,32762,Jupyter Notebook,0,29
comprehensive-rust,2022-12-21T15:17:24Z,2026-03-10T22:09:03Z,32725,Rust,0,2403
nacos,2018-06-15T06:49:27Z,2026-03-10T15:43:38Z,32712,Java,89,3345
dspy,2023-01-09T21:01:51Z,2026-03-10T22:11:18Z,32690,Python,106,1475
paper-reading,2021-10-22T06:34:51Z,2026-03-10T20:50:24Z,32668,,0,15
YesPlayMusic,2020-10-09T10:04:21Z,2026-03-10T11:25:35Z,32640,Vue,32,292
MonitorControl,2017-09-16T21:13:40Z,2026-03-10T15:43:36Z,32634,Swift,26,220
Vane,2024-04-09T10:51:32Z,2026-03-10T23:04:33Z,32624,TypeScript,33,84
WxJava,2016-01-06T08:24:05Z,2026-03-10T20:56:47Z,32615,Java,31,1190
restic,2014-04-27T14:07:58Z,2026-03-10T22:45:03Z,32610,Go,49,2318
netron,2010-12-26T12:53:43Z,2026-03-10T20:54:49Z,32549,JavaScript,6,1
remix,2020-10-26T19:57:28Z,2026-03-10T21:52:57Z,32548,TypeScript,357,3665
floating-ui,2016-03-29T17:00:47Z,2026-03-10T20:07:40Z,32480,TypeScript,506,1209
glance,2024-04-27T18:55:38Z,2026-03-10T22:47:52Z,32468,Go,33,110
mmdetection,2018-08-22T07:06:06Z,2026-03-10T13:40:53Z,32466,Python,53,2358
yew,2017-12-16T14:19:02Z,2026-03-10T21:12:14Z,32462,Rust,40,1897
beego,2012-02-29T02:32:08Z,2026-03-10T00:35:52Z,32428,Go,43,1328
awesome-php,2013-11-26T03:14:19Z,2026-03-10T20:57:11Z,32416,,0,457
cursor,2023-03-12T00:19:42Z,2026-03-10T19:32:17Z,32412,,0,47
k3s,2018-05-31T01:37:46Z,2026-03-10T21:17:02Z,32393,Go,957,4492
marker,2023-10-30T20:14:08Z,2026-03-10T22:32:22Z,32349,Python,71,228
swr,2019-10-28T18:16:01Z,2026-03-10T20:01:59Z,32333,TypeScript,126,816
medusa,2020-01-18T13:39:04Z,2026-03-10T21:52:32Z,32295,TypeScript,146,8412
web-check,2023-06-25T14:32:11Z,2026-03-10T22:40:56Z,32247,TypeScript,1,53
my-tv,2023-12-04T12:18:39Z,2026-03-10T07:10:51Z,32245,C,72,11
linux-insides,2015-01-03T18:44:57Z,2026-03-10T18:46:36Z,32230,Python,0,620
echo,2015-03-01T17:43:01Z,2026-03-10T16:19:09Z,32226,Go,116,629
material-design-lite,2015-01-14T22:01:33Z,2026-03-08T04:46:33Z,32215,HTML,14,655
kafka,2011-08-15T18:06:16Z,2026-03-10T22:25:33Z,32213,Java,0,12814
pytorch-tutorial,2017-03-10T07:41:47Z,2026-03-10T22:05:53Z,32213,Python,0,28
fairseq,2017-08-29T16:26:12Z,2026-03-10T12:58:47Z,32186,Python,16,236
erpnext,2011-06-08T08:20:56Z,2026-03-10T21:22:59Z,32163,Python,1000,28782
PDFMathTranslate,2024-09-06T06:56:03Z,2026-03-10T15:33:40Z,32163,Python,24,136
run,2022-04-10T05:42:40Z,2026-03-10T11:39:27Z,32146,,0,172
airi,2024-12-01T16:33:36Z,2026-03-10T23:10:41Z,32146,TypeScript,54,689
500-AI-Machine-learning-Deep-learning-Computer-vision-NLP-Projects-with-code,2021-01-02T12:08:37Z,2026-03-10T18:17:33Z,32139,,0,3
linera-protocol,2021-12-19T04:09:21Z,2026-03-10T19:38:20Z,32135,Rust,33,3567
cockroach,2014-02-06T00:18:47Z,2026-03-10T22:58:48Z,32053,Go,0,72956
nginx-proxy-manager,2017-12-20T23:01:16Z,2026-03-10T21:29:35Z,32046,TypeScript,86,683
glances,2011-12-04T08:49:15Z,2026-03-10T22:45:41Z,32018,Python,56,773
sharp,2013-08-19T20:24:24Z,2026-03-10T14:54:26Z,31997,JavaScript,107,311
GPTs,2023-11-11T03:24:16Z,2026-03-10T22:38:35Z,31980,,0,45
just,2016-06-17T06:08:08Z,2026-03-10T22:35:56Z,31976,Rust,131,1377
posthog,2020-01-23T22:46:58Z,2026-03-10T22:58:50Z,31960,Python,86,34939
nanobot,2026-02-01T07:16:15Z,2026-03-10T23:06:59Z,31934,Python,9,244
graphql-engine,2018-06-18T07:57:36Z,2026-03-10T16:32:29Z,31916,TypeScript,300,2110
dokku,2013-06-08T10:26:57Z,2026-03-10T21:03:17Z,31903,Shell,317,4534
android-open-project,2014-01-05T15:20:15Z,2026-03-10T14:45:00Z,31841,,0,204
html2canvas,2011-07-16T01:05:58Z,2026-03-10T20:20:17Z,31812,TypeScript,45,186
ExplorerPatcher,2021-08-09T14:17:24Z,2026-03-10T16:53:43Z,31803,C,296,19
chatgpt-web,2023-02-09T03:21:37Z,2026-03-10T14:33:44Z,31796,Vue,43,159
kitty,2016-10-16T14:48:28Z,2026-03-10T23:07:19Z,31791,Python,132,1246
TradingAgents,2024-12-28T03:31:08Z,2026-03-10T22:38:40Z,31766,Python,1,19
continue,2023-05-24T03:39:39Z,2026-03-10T22:29:46Z,31762,TypeScript,803,3931
MS-DOS,2018-06-25T18:26:02Z,2026-03-10T04:00:26Z,31761,Assembly,0,37
lottie-web,2015-02-20T21:02:59Z,2026-03-10T09:37:41Z,31739,JavaScript,0,136
vimrc,2012-05-29T16:19:29Z,2026-03-10T15:31:34Z,31722,Vim Script,0,107
vue-vben-admin,2020-07-11T02:29:21Z,2026-03-10T23:06:52Z,31711,Vue,61,1753
rxjs,2015-03-15T06:17:10Z,2026-03-10T20:02:14Z,31651,TypeScript,2,2588
ai-engineering-hub,2024-10-21T10:43:24Z,2026-03-10T22:38:39Z,31639,Jupyter Notebook,0,62
rocksdb,2012-11-30T06:16:18Z,2026-03-10T21:39:18Z,31619,C++,212,620
editor.js,2015-11-28T20:56:35Z,2026-03-10T20:02:27Z,31595,TypeScript,107,870
slate,2016-06-18T01:52:42Z,2026-03-10T19:42:06Z,31584,TypeScript,210,1980
numpy,2010-09-13T23:02:39Z,2026-03-10T17:03:49Z,31582,Python,140,13944
3x-ui,2023-02-09T19:16:57Z,2026-03-10T22:33:02Z,31575,HTML,102,642
minikube,2016-04-15T22:38:35Z,2026-03-10T22:05:00Z,31569,Go,154,9396
shardeum,2024-04-16T22:37:25Z,2026-03-10T14:32:34Z,31558,TypeScript,0,326
tinygrad,2020-10-18T16:23:12Z,2026-03-10T22:38:06Z,31542,Python,14,10561
ChatDev,2023-08-28T02:18:13Z,2026-03-10T22:31:15Z,31530,Python,11,137
CheatSheetSeries,2018-12-21T14:26:43Z,2026-03-10T19:59:48Z,31521,Python,0,1199
dokploy,2024-04-19T07:49:30Z,2026-03-10T22:30:27Z,31501,TypeScript,150,1354
conductor,2023-12-08T06:06:09Z,2026-03-10T22:36:09Z,31496,Java,35,347
surrealdb,2021-12-09T15:03:29Z,2026-03-10T22:47:25Z,31490,Rust,122,2627
raylib,2013-10-24T15:46:04Z,2026-03-10T22:23:27Z,31473,C,24,2452
tokio,2016-09-09T22:31:36Z,2026-03-10T22:34:12Z,31454,Rust,141,3805
influxdb,2013-09-26T14:31:10Z,2026-03-10T22:41:17Z,31413,Rust,95,10940
graphrag,2024-03-27T17:57:52Z,2026-03-10T18:14:50Z,31357,Python,36,721
WSL,2016-04-06T17:32:56Z,2026-03-10T22:58:43Z,31344,C++,97,555
lede,2017-09-06T07:39:03Z,2026-03-10T09:11:26Z,31344,C,7,2051
alpine,2019-11-28T13:51:55Z,2026-03-10T20:19:15Z,31299,HTML,146,695
dotfiles,2011-09-05T18:07:54Z,2026-03-10T22:36:51Z,31266,Shell,0,44
sing-box,2022-06-30T13:27:22Z,2026-03-10T22:58:36Z,31252,Go,501,193
interactive-coding-challenges,2015-04-28T21:36:39Z,2026-03-10T17:26:20Z,31233,Python,0,176
jsPDF,2009-12-06T14:56:32Z,2026-03-09T19:49:43Z,31174,JavaScript,41,753
motion,2018-11-16T09:48:38Z,2026-03-10T21:12:25Z,31169,TypeScript,0,1197
Blog,2017-03-13T10:04:33Z,2026-03-10T09:47:48Z,31123,,0,3
DevToys,2021-09-29T01:40:41Z,2026-03-10T22:30:13Z,31065,C#,39,501
docsify,2016-11-20T07:55:43Z,2026-03-10T17:42:03Z,31044,JavaScript,16,783
Sortable,2013-12-19T10:10:13Z,2026-03-10T17:33:54Z,31032,JavaScript,31,248
tqdm,2015-06-03T13:13:14Z,2026-03-10T15:01:44Z,31018,Python,133,289
pear-desktop,2019-04-19T18:14:40Z,2026-03-10T17:46:41Z,31007,TypeScript,87,1630
ML-From-Scratch,2017-02-05T12:11:23Z,2026-03-10T17:13:22Z,31000,Python,0,9
fabric.js,2010-06-09T22:24:38Z,2026-03-10T22:15:38Z,30997,TypeScript,181,2430
symfony,2010-01-04T14:21:21Z,2026-03-10T22:51:52Z,30968,PHP,603,25612
podman,2017-11-01T15:01:27Z,2026-03-10T21:20:43Z,30963,Go,236,12224
lux,2018-02-24T11:29:03Z,2026-03-10T15:13:28Z,30939,Go,86,304
OpenAPI-Specification,2014-03-03T16:53:36Z,2026-03-10T20:03:16Z,30939,Markdown,14,1803
agents,2025-07-24T23:28:14Z,2026-03-10T22:42:31Z,30919,Python,0,53
pytorch-lightning,2019-03-31T00:45:57Z,2026-03-10T21:28:41Z,30916,Python,172,9341
weekly,2017-03-20T06:10:04Z,2026-03-10T08:47:12Z,30896,JavaScript,193,136
calculator,2019-01-28T17:55:49Z,2026-03-10T07:48:25Z,30873,C++,0,913
seaweedfs,2014-07-14T16:41:37Z,2026-03-10T22:55:19Z,30846,Go,290,3709
p3c,2017-06-23T06:15:51Z,2026-03-10T12:49:31Z,30830,Kotlin,0,62
btop,2021-05-06T18:40:21Z,2026-03-10T22:51:35Z,30827,C++,54,372
webtorrent,2013-10-15T08:16:40Z,2026-03-10T09:33:39Z,30822,JavaScript,229,970
jQuery-File-Upload,2010-12-01T15:35:32Z,2026-03-10T20:06:52Z,30805,PHP,0,119
AI-Expert-Roadmap,2020-10-24T21:49:40Z,2026-03-10T22:36:53Z,30788,JavaScript,0,14
mantine,2021-01-07T14:02:19Z,2026-03-10T16:39:49Z,30767,TypeScript,291,1591
frigate,2019-01-26T13:52:38Z,2026-03-10T21:05:38Z,30763,TypeScript,76,3758
TrackersListCollection,2019-10-03T15:55:07Z,2026-03-10T21:55:39Z,30753,,0,7
uppy,2015-11-16T12:32:33Z,2026-03-10T10:57:12Z,30669,TypeScript,392,3276
refined-github,2016-02-15T16:45:02Z,2026-03-10T19:39:15Z,30659,TypeScript,186,3617
spring-boot-examples,2016-11-05T05:32:33Z,2026-03-10T14:09:44Z,30642,Java,0,7
DeepFaceLive,2020-12-15T12:19:22Z,2026-03-10T16:03:39Z,30611,Python,35,13
roop,2023-05-28T14:37:54Z,2026-03-10T08:47:21Z,30547,Python,6,82
layui,2015-09-22T08:12:03Z,2026-03-10T14:53:32Z,30542,JavaScript,173,673
changedetection.io,2021-01-27T16:03:30Z,2026-03-10T23:06:38Z,30534,Python,203,1058
vscodium,2018-08-13T14:26:58Z,2026-03-10T22:06:17Z,30425,Shell,267,633
Proton,2018-03-13T18:45:27Z,2026-03-10T22:04:50Z,30377,C++,76,13
particles.js,2014-09-06T14:29:47Z,2026-03-10T09:36:17Z,30356,JavaScript,6,21
sequelize,2010-07-22T07:11:11Z,2026-03-10T17:14:27Z,30350,TypeScript,490,5023
hutool,2014-04-13T07:23:51Z,2026-03-10T14:58:06Z,30343,Java,156,515
react-three-fiber,2019-02-25T14:31:51Z,2026-03-10T22:16:40Z,30336,TypeScript,131,690
awesome-macos-command-line,2015-09-22T19:37:55Z,2026-03-10T22:02:46Z,30330,,0,104
algo,2016-05-15T03:42:48Z,2026-03-10T20:05:38Z,30329,Python,4,686
one-api,2023-04-22T12:39:24Z,2026-03-10T17:59:15Z,30325,JavaScript,55,287
BetterDisplay,2021-10-24T08:32:56Z,2026-03-10T22:08:49Z,30306,,120,2
NeteaseCloudMusicApi,2016-06-22T11:58:03Z,2026-03-10T22:33:31Z,30290,,0,292
openai-python,2020-10-25T23:23:54Z,2026-03-10T22:41:32Z,30282,Python,369,1053
folly,2012-06-01T20:49:04Z,2026-03-10T22:53:57Z,30278,C++,281,13
stanford_alpaca,2023-03-10T23:33:09Z,2026-03-10T02:26:25Z,30271,Python,0,6
awesome-python-cn,2015-11-03T09:50:50Z,2026-03-10T14:35:00Z,30264,Makefile,0,51
HEAD,2016-04-20T20:05:37Z,2026-03-09T18:56:27Z,30242,,0,88
os-tutorial,2014-09-29T08:39:34Z,2026-03-10T22:30:45Z,30232,C,0,11
Avalonia,2013-12-05T20:13:21Z,2026-03-10T22:19:25Z,30220,C#,120,5662
viper,2014-04-02T14:33:33Z,2026-03-10T21:42:56Z,30220,Go,35,520
cheerio,2011-10-09T04:23:20Z,2026-03-10T21:08:54Z,30175,TypeScript,62,3126
tdesktop,2014-05-02T12:36:31Z,2026-03-10T18:49:07Z,30143,C++,830,1860
dragonfly,2021-12-11T10:00:42Z,2026-03-10T20:24:47Z,30136,C++,114,4011
k6,2016-03-21T15:30:24Z,2026-03-10T21:35:50Z,30087,Go,85,2461
jumpserver,2014-07-04T03:54:59Z,2026-03-10T17:39:55Z,30059,Python,264,7874
rust-course,2018-08-07T05:01:21Z,2026-03-10T16:40:48Z,30048,Rust,0,813
WindTerm,2019-10-09T19:56:09Z,2026-03-10T18:09:40Z,29979,C,32,1
hosts,2012-04-12T20:22:50Z,2026-03-10T21:27:40Z,29977,Python,833,507
xxl-job,2015-11-28T12:59:34Z,2026-03-10T14:24:04Z,29972,Java,42,124
turborepo,2021-10-05T17:37:11Z,2026-03-10T22:56:03Z,29970,Rust,694,7221
django-rest-framework,2011-03-02T17:13:56Z,2026-03-10T13:41:23Z,29934,Python,21,3109
css-protips,2015-08-29T12:29:03Z,2026-03-10T19:12:59Z,29914,,0,73
handson-ml2,2019-01-08T03:49:07Z,2026-03-10T09:36:11Z,29910,Jupyter Notebook,0,65
leakcanary,2015-04-29T23:54:16Z,2026-03-10T05:32:50Z,29909,Kotlin,43,933
tuning_playbook,2023-01-18T23:32:32Z,2026-03-10T16:57:25Z,29907,,0,14
lighthouse,2016-03-08T01:03:11Z,2026-03-10T17:26:08Z,29900,JavaScript,130,5565
zellij,2020-09-01T14:04:28Z,2026-03-10T21:47:14Z,29888,Rust,65,1398
consul,2013-11-04T22:15:27Z,2026-03-10T22:26:55Z,29790,Go,256,14146
build-your-own-x,2018-05-09T12:03:18Z,2026-03-10T22:55:19Z,473982,Markdown,0,155
awesome,2014-07-11T13:42:37Z,2026-03-10T23:04:46Z,444462,,0,694
freeCodeCamp,2014-12-24T17:49:19Z,2026-03-10T22:57:11Z,438027,TypeScript,0,27817
public-apis,2016-03-20T23:49:42Z,2026-03-10T23:10:45Z,406314,Python,0,1872
free-programming-books,2013-10-11T06:50:37Z,2026-03-10T22:45:16Z,383928,Python,0,7336
developer-roadmap,2017-03-15T13:45:52Z,2026-03-10T22:51:10Z,350707,TypeScript,1,4087
system-design-primer,2017-02-26T16:15:28Z,2026-03-10T23:07:19Z,338393,Python,0,205
coding-interview-university,2016-06-06T02:34:12Z,2026-03-10T21:28:44Z,337814,,0,415
openclaw,2025-11-24T10:16:47Z,2026-03-10T23:11:36Z,298094,TypeScript,63,3039
awesome-python,2014-06-27T21:00:06Z,2026-03-10T22:55:35Z,286607,Python,0,641
