name;created_at;updated_at;stars;language;releases;merged_pr;idade_dias;idade_anos;dias_desde_update
build-your-own-x;2018-05-09 12:03:18+00:00;2026-03-10 22:55:19+00:00;473982;Markdown;0;155;2862;7.84;0.02
awesome;2014-07-11 13:42:37+00:00;2026-03-10 22:56:17+00:00;444460;;0;694;4260;11.67;0.02
freeCodeCamp;2014-12-24 17:49:19+00:00;2026-03-10 22:57:11+00:00;438027;TypeScript;0;27817;4094;11.22;0.02
public-apis;2016-03-20 23:49:42+00:00;2026-03-10 23:03:23+00:00;406312;Python;0;1872;3641;9.98;0.02
free-programming-books;2013-10-11 06:50:37+00:00;2026-03-10 22:45:16+00:00;383928;Python;0;7336;4533;12.42;0.03
developer-roadmap;2017-03-15 13:45:52+00:00;2026-03-10 22:51:10+00:00;350707;TypeScript;1;4087;3282;8.99;0.02
system-design-primer;2017-02-26 16:15:28+00:00;2026-03-10 22:58:07+00:00;338393;Python;0;205;3299;9.04;0.02
coding-interview-university;2016-06-06 02:34:12+00:00;2026-03-10 21:28:44+00:00;337814;;0;415;3564;9.76;0.08
openclaw;2025-11-24 10:16:47+00:00;2026-03-10 23:03:13+00:00;298084;TypeScript;63;3039;106;0.29;0.02
awesome-python;2014-06-27 21:00:06+00:00;2026-03-10 22:55:35+00:00;286607;Python;0;641;4274;11.71;0.02
awesome-selfhosted;2015-06-01 02:33:17+00:00;2026-03-10 22:52:40+00:00;279239;;1;2395;3935;10.78;0.02
996.ICU;2019-03-26 07:31:14+00:00;2026-03-10 21:36:18+00:00;275723;;0;1072;2541;6.96;0.08
project-based-learning;2017-04-12 05:07:46+00:00;2026-03-10 22:39:15+00:00;260763;;0;182;3254;8.92;0.03
react;2013-05-24 16:15:54+00:00;2026-03-10 22:35:55+00:00;243875;JavaScript;118;12775;4673;12.8;0.04
linux;2011-09-04 22:48:12+00:00;2026-03-10 23:03:05+00:00;222084;C;0;0;5301;14.52;0.02
Python;2016-07-16 09:44:01+00:00;2026-03-10 22:42:18+00:00;218568;Python;0;3065;3524;9.65;0.03
vue;2013-07-29 03:24:51+00:00;2026-03-10 20:43:39+00:00;210037;TypeScript;249;1136;4607;12.62;0.11
the-book-of-secret-knowledge;2018-06-23 10:43:14+00:00;2026-03-10 22:51:15+00:00;209553;;0;122;2817;7.72;0.02
computer-science;2014-05-04 00:18:39+00:00;2026-03-10 22:42:36+00:00;202351;HTML;0;305;4328;11.86;0.03
javascript-algorithms;2018-03-24 07:47:04+00:00;2026-03-10 22:42:33+00:00;195823;JavaScript;0;304;2908;7.97;0.03
tensorflow;2015-11-07 01:19:20+00:00;2026-03-10 23:02:58+00:00;194146;C++;222;42522;3776;10.35;0.02
ohmyzsh;2009-08-28 18:15:37+00:00;2026-03-10 22:40:12+00:00;185286;Shell;0;3520;6038;16.54;0.03
You-Dont-Know-JS;2013-11-16 02:37:24+00:00;2026-03-10 22:41:56+00:00;184483;;0;370;4497;12.32;0.03
CS-Notes;2018-02-13 14:56:24+00:00;2026-03-10 16:54:20+00:00;183884;;0;374;2947;8.07;0.27
vscode;2015-09-03 20:23:38+00:00;2026-03-10 22:36:37+00:00;182568;TypeScript;199;43505;3841;10.52;0.04
AutoGPT;2023-03-16 09:21:07+00:00;2026-03-10 22:38:32+00:00;182337;Python;94;3996;1090;2.99;0.03
Python-100-Days;2018-03-01 16:05:52+00:00;2026-03-10 22:39:11+00:00;179485;Jupyter Notebook;0;13;2931;8.03;0.03
n8n;2019-06-22 09:24:21+00:00;2026-03-10 22:17:48+00:00;178550;TypeScript;550;14205;2453;6.72;0.05
flutter;2015-03-06 22:54:58+00:00;2026-03-10 22:53:48+00:00;175493;Dart;7;47000;4022;11.02;0.02
bootstrap;2011-07-29 21:19:00+00:00;2026-03-10 22:38:46+00:00;174051;MDX;94;9125;5338;14.62;0.03
gitignore;2010-11-08 20:17:14+00:00;2026-03-10 22:39:55+00:00;172995;;0;1727;5601;15.35;0.03
Microsoft-Activation-Scripts;2020-01-12 23:03:34+00:00;2026-03-10 22:44:48+00:00;168316;Batchfile;29;6;2249;6.16;0.03
awesome-go;2014-07-06 13:42:15+00:00;2026-03-10 22:57:23+00:00;167099;Go;0;3615;4265;11.68;0.02
ollama;2023-06-26 19:39:32+00:00;2026-03-10 22:53:31+00:00;164775;Go;190;3089;988;2.71;0.02
stable-diffusion-webui;2022-08-22 14:05:26+00:00;2026-03-10 22:36:42+00:00;161657;Python;27;1884;1296;3.55;0.04
the-art-of-command-line;2015-05-20 15:11:03+00:00;2026-03-10 22:49:07+00:00;160294;;0;317;3947;10.81;0.03
transformers;2018-10-29 13:56:00+00:00;2026-03-10 21:47:32+00:00;157709;Python;244;18786;2689;7.37;0.07
JavaGuide;2018-05-07 13:27:00+00:00;2026-03-10 17:46:50+00:00;154161;Java;0;1216;2864;7.85;0.24
FreeDomain;2024-05-30 13:23:00+00:00;2026-03-10 21:38:29+00:00;151688;HTML;0;1;649;1.78;0.08
prompts.chat;2022-12-05 13:54:13+00:00;2026-03-10 23:01:49+00:00;151336;HTML;0;201;1191;3.26;0.02
yt-dlp;2020-10-26 04:22:55+00:00;2026-03-10 23:00:05+00:00;150506;Python;131;3229;1961;5.37;0.02
javascript;2012-11-01 23:13:50+00:00;2026-03-10 20:51:06+00:00;148109;JavaScript;0;813;4877;13.36;0.11
HelloGitHub;2016-05-04 06:24:11+00:00;2026-03-10 22:55:48+00:00;145588;Python;63;17;3597;9.85;0.02
langflow;2023-02-08 22:28:03+00:00;2026-03-10 23:00:33+00:00;145506;Python;285;5821;1126;3.08;0.02
youtube-dl;2010-10-31 14:35:07+00:00;2026-03-10 21:18:48+00:00;139839;Python;341;1646;5609;15.37;0.09
next.js;2016-10-05 23:32:51+00:00;2026-03-10 22:29:33+00:00;138291;JavaScript;1000;26189;3442;9.43;0.04
tech-interview-handbook;2016-07-05 05:00:48+00:00;2026-03-10 22:57:32+00:00;138060;TypeScript;0;486;3535;9.68;0.02
scrcpy;2017-11-21 18:00:27+00:00;2026-03-10 22:55:54+00:00;136769;C;50;124;3031;8.3;0.02
go;2014-08-19 04:33:40+00:00;2026-03-10 22:12:46+00:00;133056;Go;0;1;4221;11.56;0.05
fucking-algorithm;2020-02-19 09:01:23+00:00;2026-03-10 23:03:17+00:00;132983;Markdown;0;244;2211;6.06;0.02
dify;2023-04-12 07:40:24+00:00;2026-03-10 22:48:29+00:00;132119;TypeScript;158;9794;1063;2.91;0.03
PowerToys;2019-05-01 17:44:02+00:00;2026-03-10 22:38:27+00:00;130377;C#;127;6378;2505;6.86;0.03
system-prompts-and-models-of-ai-tools;2025-03-05 16:38:29+00:00;2026-03-10 22:45:59+00:00;130040;;0;46;370;1.01;0.03
langchain;2022-10-17 02:58:36+00:00;2026-03-10 23:01:10+00:00;129024;Python;1000;16077;1240;3.4;0.02
30-seconds-of-code;2017-11-29 17:35:03+00:00;2026-03-10 22:39:43+00:00;127028;JavaScript;12;836;3023;8.28;0.03
open-webui;2023-10-06 22:08:27+00:00;2026-03-10 22:51:21+00:00;126596;Python;154;3367;886;2.43;0.02
react-native;2015-01-09 18:10:16+00:00;2026-03-10 22:26:53+00:00;125546;C++;446;959;4078;11.17;0.04
hello-algo;2022-11-04 11:08:34+00:00;2026-03-10 22:47:52+00:00;123008;Java;10;968;1222;3.35;0.03
kubernetes;2014-06-06 22:56:04+00:00;2026-03-10 22:34:47+00:00;121102;Go;784;64080;4295;11.77;0.04
electron;2013-04-12 01:47:36+00:00;2026-03-10 20:48:54+00:00;120403;C++;1000;24633;4715;12.92;0.11
opencode;2025-04-30 20:08:00+00:00;2026-03-10 23:03:32+00:00;119704;TypeScript;734;2656;314;0.86;0.02
free-for-dev;2015-03-18 21:06:26+00:00;2026-03-10 23:00:08+00:00;119428;HTML;0;2904;4010;10.99;0.02
excalidraw;2020-01-02 01:04:43+00:00;2026-03-10 22:56:44+00:00;118503;TypeScript;14;3844;2259;6.19;0.02
free-programming-books-zh_CN;2013-11-04 01:59:19+00:00;2026-03-10 19:49:20+00:00;116426;;3;282;4509;12.35;0.15
node;2014-11-26 19:57:11+00:00;2026-03-10 22:37:32+00:00;116241;JavaScript;486;11919;4122;11.29;0.03
iptv;2018-11-14 22:00:57+00:00;2026-03-10 22:58:49+00:00;112735;TypeScript;0;6828;2673;7.32;0.02
d3;2010-09-27 17:22:42+00:00;2026-03-10 19:47:25+00:00;112515;Shell;194;494;5643;15.46;0.15
three.js;2010-03-23 18:58:01+00:00;2026-03-10 22:21:23+00:00;111279;JavaScript;175;15248;5831;15.98;0.05
rust;2010-06-16 20:39:03+00:00;2026-03-10 22:50:18+00:00;111178;Rust;147;69645;5746;15.74;0.03
ui;2023-01-04 12:43:27+00:00;2026-03-10 22:28:32+00:00;109181;TypeScript;79;1032;1161;3.18;0.04
rustdesk;2020-09-28 15:36:08+00:00;2026-03-10 23:03:50+00:00;109006;Rust;36;3948;1989;5.45;0.02
axios;2014-08-18 22:30:27+00:00;2026-03-10 15:03:34+00:00;108625;JavaScript;109;1136;4222;11.57;0.35
Awesome-Hacking;2016-03-30 15:47:10+00:00;2026-03-10 22:32:10+00:00;108124;;0;34;3632;9.95;0.04
TypeScript;2014-06-17 15:28:39+00:00;2026-03-10 18:55:22+00:00;108092;TypeScript;215;14857;4284;11.74;0.19
generative-ai-for-beginners;2023-06-19 16:28:59+00:00;2026-03-10 22:38:33+00:00;107793;Jupyter Notebook;0;542;995;2.73;0.03
godot;2014-01-04 16:05:36+00:00;2026-03-10 22:32:15+00:00;107614;C++;66;41487;4448;12.19;0.04
GitHub-Chinese-Top-Charts;2019-09-05 03:01:56+00:00;2026-03-10 18:01:31+00:00;106744;Java;0;0;2378;6.52;0.23
deno;2018-05-15 01:34:26+00:00;2026-03-10 21:04:03+00:00;106391;Rust;368;14358;2856;7.82;0.1
ComfyUI;2023-01-17 03:15:56+00:00;2026-03-10 22:20:41+00:00;105512;Python;126;2232;1148;3.15;0.05
nodebestpractices;2017-09-15 08:33:19+00:00;2026-03-10 19:02:35+00:00;105168;Dockerfile;0;766;3098;8.49;0.18
frp;2015-12-21 15:24:59+00:00;2026-03-10 22:26:17+00:00;105084;Go;109;758;3732;10.22;0.04
papers-we-love;2013-12-15 14:31:41+00:00;2026-03-10 20:50:09+00:00;103984;Shell;0;439;4468;12.24;0.11
tauri;2019-07-13 09:09:37+00:00;2026-03-10 22:18:58+00:00;103955;Rust;0;5405;2432;6.66;0.05
create-react-app;2016-07-17 14:55:11+00:00;2026-03-10 16:06:55+00:00;103823;JavaScript;83;1949;3523;9.65;0.31
terminal;2017-08-11 18:38:22+00:00;2026-03-10 20:32:00+00:00;102105;C++;148;4382;3133;8.58;0.12
DeepSeek-V3;2024-12-26 09:52:40+00:00;2026-03-10 22:42:41+00:00;102028;Python;1;25;439;1.2;0.03
clash-verge-rev;2023-11-21 18:24:03+00:00;2026-03-10 22:55:15+00:00;101754;TypeScript;62;757;840;2.3;0.02
awesome-llm-apps;2024-04-29 05:30:25+00:00;2026-03-10 22:50:44+00:00;101426;Python;0;171;680;1.86;0.03
angular;2014-09-18 16:12:01+00:00;2026-03-10 22:44:03+00:00;100152;TypeScript;611;5725;4191;11.48;0.03
awesome-mac;2016-07-17 15:33:47+00:00;2026-03-10 22:38:24+00:00;99785;JavaScript;13;1084;3523;9.65;0.03
supabase;2019-10-12 05:56:49+00:00;2026-03-10 22:58:18+00:00;98877;TypeScript;26;15662;2341;6.41;0.02
HowToCook;2020-02-29 10:43:49+00:00;2026-03-10 21:32:51+00:00;98674;Dockerfile;4;616;2201;6.03;0.08
v2rayN;2019-07-30 03:47:24+00:00;2026-03-10 19:45:51+00:00;98382;C#;301;402;2415;6.62;0.15
every-programmer-should-know;2017-08-24 13:18:26+00:00;2026-03-10 18:00:45+00:00;98213;;0;110;3120;8.55;0.23
pytorch;2016-08-13 05:26:41+00:00;2026-03-10 22:52:23+00:00;98184;Python;64;6435;3496;9.58;0.02
material-ui;2014-08-18 19:11:54+00:00;2026-03-10 20:44:03+00:00;98078;TypeScript;558;21501;4222;11.57;0.11
ant-design;2015-04-24 15:37:24+00:00;2026-03-10 22:52:46+00:00;97752;TypeScript;741;17108;3973;10.88;0.02
llama.cpp;2023-03-10 18:58:00+00:00;2026-03-10 23:01:28+00:00;97509;C++;1000;7546;1096;3.0;0.02
gemini-cli;2025-04-17 17:04:31+00:00;2026-03-10 23:01:03+00:00;97174;TypeScript;408;5411;327;0.9;0.02
neovim;2014-01-31 13:39:22+00:00;2026-03-10 23:01:51+00:00;97162;Vim Script;48;17781;4421;12.11;0.02
fastapi;2018-12-08 08:21:47+00:00;2026-03-10 22:41:15+00:00;96128;Python;269;3172;2649;7.26;0.03
whisper;2022-09-16 20:02:54+00:00;2026-03-10 20:51:42+00:00;95740;Python;13;119;1271;3.48;0.11
thefuck;2015-04-08 15:08:04+00:00;2026-03-10 22:54:59+00:00;95656;Python;17;481;3989;10.93;0.02
Web-Dev-For-Beginners;2020-11-10 02:44:00+00:00;2026-03-10 20:38:23+00:00;95408;JavaScript;0;667;1946;5.33;0.12
immich;2022-02-03 15:56:27+00:00;2026-03-10 22:53:43+00:00;94518;TypeScript;287;8755;1496;4.1;0.02
clean-code-javascript;2016-11-25 22:25:41+00:00;2026-03-10 14:09:16+00:00;94314;JavaScript;0;149;3392;9.29;0.39
tailwindcss;2017-10-06 14:59:14+00:00;2026-03-10 22:36:14+00:00;94039;TypeScript;300;3304;3077;8.43;0.04
java-design-patterns;2014-08-09 16:45:18+00:00;2026-03-10 19:30:55+00:00;93799;Java;0;1520;4231;11.59;0.16
puppeteer;2017-05-09 22:16:13+00:00;2026-03-10 21:58:43+00:00;93777;TypeScript;648;5841;3227;8.84;0.06
nvm;2010-04-15 17:47:47+00:00;2026-03-10 19:57:19+00:00;92179;Shell;71;741;5808;15.91;0.15
DeepSeek-R1;2025-01-20 11:57:28+00:00;2026-03-10 18:12:12+00:00;91943;;1;10;414;1.13;0.22
app-ideas;2019-02-25 18:36:56+00:00;2026-03-10 22:55:56+00:00;91068;;0;151;2570;7.04;0.02
firecrawl;2024-04-15 21:02:29+00:00;2026-03-10 23:04:08+00:00;90794;TypeScript;32;1386;694;1.9;0.02
markitdown;2024-11-13 19:56:40+00:00;2026-03-10 21:52:42+00:00;90515;Python;18;171;482;1.32;0.07
vue-element-admin;2017-04-17 03:35:49+00:00;2026-03-10 14:45:08+00:00;90285;Vue;49;311;3249;8.9;0.36
storybook;2016-03-18 04:23:44+00:00;2026-03-10 22:28:16+00:00;89405;TypeScript;1000;12322;3644;9.98;0.04
skills;2025-09-22 15:53:31+00:00;2026-03-10 23:04:15+00:00;89234;Python;0;22;169;0.46;0.02
bitcoin;2010-12-19 15:16:43+00:00;2026-03-10 22:56:01+00:00;88435;C++;63;16198;5560;15.23;0.02
gin;2014-06-16 23:57:25+00:00;2026-03-10 20:44:23+00:00;88286;Go;29;1224;4284;11.74;0.11
bun;2021-04-14 00:48:17+00:00;2026-03-10 22:24:53+00:00;88059;Zig;210;7196;1791;4.91;0.04
LLMs-from-scratch;2023-07-23 18:15:57+00:00;2026-03-10 23:03:50+00:00;87631;Jupyter Notebook;0;483;961;2.63;0.02
NextChat;2023-03-10 18:27:54+00:00;2026-03-10 20:51:24+00:00;87462;TypeScript;77;894;1096;3.0;0.11
django;2012-04-28 02:47:18+00:00;2026-03-10 22:26:27+00:00;87083;Python;0;10338;5064;13.87;0.04
hugo;2013-07-04 15:26:26+00:00;2026-03-10 18:53:06+00:00;87007;Go;365;3246;4632;12.69;0.19
mermaid;2014-11-01 23:52:32+00:00;2026-03-10 22:57:28+00:00;86640;TypeScript;184;2590;4146;11.36;0.02
opencv;2012-07-19 09:40:17+00:00;2026-03-10 20:01:11+00:00;86532;C++;67;13506;4982;13.65;0.14
svelte;2016-11-20 18:13:05+00:00;2026-03-10 21:59:18+00:00;86098;JavaScript;609;6533;3397;9.31;0.06
weekly;2018-10-13 12:36:07+00:00;2026-03-10 21:25:52+00:00;85674;;0;106;2705;7.41;0.08
core;2013-09-17 07:29:48+00:00;2026-03-10 23:00:12+00:00;85263;Python;1000;82726;4557;12.48;0.02
manim;2015-03-22 18:50:58+00:00;2026-03-10 22:48:06+00:00;85126;Python;13;661;4006;10.98;0.03
ML-For-Beginners;2021-03-03 01:34:05+00:00;2026-03-10 17:31:41+00:00;84243;Jupyter Notebook;0;446;1833;5.02;0.25
laravel;2011-06-08 03:06:08+00:00;2026-03-10 22:56:54+00:00;83991;Blade;213;1671;5389;14.76;0.02
playwright;2019-11-15 18:32:42+00:00;2026-03-10 22:17:46+00:00;83921;TypeScript;158;16312;2307;6.32;0.05
uptime-kuma;2021-07-03 01:02:42+00:00;2026-03-10 23:00:09+00:00;83911;JavaScript;126;1698;1711;4.69;0.02
awesome-for-beginners;2015-10-24 19:53:36+00:00;2026-03-10 22:35:36+00:00;83357;;0;469;3790;10.38;0.04
mall;2018-04-04 01:11:44+00:00;2026-03-10 14:14:07+00:00;83096;Java;3;1;2897;7.94;0.38
realworld;2016-02-26 20:49:53+00:00;2026-03-10 22:16:32+00:00;82965;TypeScript;0;434;3665;10.04;0.05
awesome-mcp-servers;2024-11-30 04:49:10+00:00;2026-03-10 22:38:40+00:00;82706;;0;1496;465;1.27;0.03
animate.css;2011-10-12 10:07:38+00:00;2026-03-10 18:40:40+00:00;82619;CSS;22;315;5263;14.42;0.2
devops-exercises;2019-10-03 17:31:21+00:00;2026-03-10 22:16:47+00:00;81454;Python;0;309;2350;6.44;0.05
awesome-interview-questions;2015-11-28 09:48:17+00:00;2026-03-10 22:57:33+00:00;81352;;0;175;3755;10.29;0.02
FiraCode;2014-11-11 19:32:38+00:00;2026-03-10 17:48:48+00:00;81265;Clojure;29;142;4137;11.33;0.23
servers;2024-11-19 01:10:17+00:00;2026-03-10 22:44:38+00:00;80746;TypeScript;24;1181;476;1.3;0.03
syncthing;2013-11-26 09:48:21+00:00;2026-03-10 22:53:05+00:00;80697;Go;462;2838;4487;12.29;0.02
uv;2023-10-02 20:24:11+00:00;2026-03-10 23:00:17+00:00;80665;Rust;260;8552;890;2.44;0.02
system-design-101;2023-09-18 20:52:03+00:00;2026-03-10 22:38:34+00:00;80422;;0;23;904;2.48;0.03
spring-boot;2012-10-19 15:02:57+00:00;2026-03-10 20:44:07+00:00;80270;Java;339;42;4890;13.4;0.11
browser-use;2024-10-31 16:00:56+00:00;2026-03-10 23:01:07+00:00;80222;Python;118;1673;495;1.36;0.02
Deep-Live-Cam;2023-09-24 13:19:31+00:00;2026-03-10 22:29:44+00:00;79936;Python;10;98;898;2.46;0.04
funNLP;2018-08-21 11:20:39+00:00;2026-03-10 16:51:16+00:00;79308;Python;0;14;2758;7.56;0.27
advanced-java;2018-10-06 11:38:30+00:00;2026-03-10 20:08:59+00:00;78891;Java;1;89;2712;7.43;0.14
vite;2020-04-21 05:03:57+00:00;2026-03-10 21:56:54+00:00;78774;TypeScript;660;6072;2149;5.89;0.06
github-readme-stats;2020-07-09 10:34:22+00:00;2026-03-10 21:06:47+00:00;78671;JavaScript;0;1568;2070;5.67;0.1
fzf;2013-10-23 16:04:23+00:00;2026-03-10 22:50:57+00:00;78541;Go;76;644;4521;12.39;0.03
hoppscotch;2019-08-21 13:15:24+00:00;2026-03-10 22:53:05+00:00;78283;TypeScript;99;2038;2393;6.56;0.02
netdata;2013-06-17 18:39:10+00:00;2026-03-10 22:51:00+00:00;78020;C;132;11773;4649;12.74;0.03
models;2016-02-05 01:15:20+00:00;2026-03-10 21:00:35+00:00;77689;Python;51;2342;3686;10.1;0.1
gpt4all;2023-03-27 18:49:32+00:00;2026-03-10 20:58:53+00:00;77212;C++;38;938;1079;2.96;0.1
cs-video-courses;2016-10-21 17:02:11+00:00;2026-03-10 23:02:41+00:00;76942;;0;258;3427;9.39;0.02
zed;2021-02-20 03:01:06+00:00;2026-03-10 22:53:44+00:00;76818;Rust;1000;22246;1844;5.05;0.02
LeetCodeAnimation;2018-12-06 08:01:22+00:00;2026-03-10 18:40:13+00:00;76720;Java;0;63;2651;7.26;0.2
code-server;2019-02-27 16:50:41+00:00;2026-03-10 22:25:41+00:00;76573;TypeScript;225;1639;2568;7.04;0.04
superpowers;2025-10-09 19:45:18+00:00;2026-03-10 23:04:31+00:00;76483;Shell;2;41;152;0.42;0.02
Font-Awesome;2012-02-17 14:19:43+00:00;2026-03-10 18:54:34+00:00;76406;JavaScript;63;220;5135;14.07;0.19
elasticsearch;2010-02-08 13:20:56+00:00;2026-03-10 21:42:55+00:00;76359;Java;235;87577;5874;16.09;0.07
llm-course;2023-06-17 22:16:25+00:00;2026-03-10 22:38:33+00:00;76339;;0;2;997;2.73;0.03
claude-code;2025-02-22 17:41:21+00:00;2026-03-10 22:56:57+00:00;76269;Shell;57;145;381;1.04;0.02
localsend;2022-12-16 00:46:07+00:00;2026-03-10 23:02:07+00:00;76265;Dart;24;702;1180;3.23;0.02
d2l-zh;2017-08-23 04:40:24+00:00;2026-03-10 16:36:47+00:00;76117;Python;16;1019;3121;8.55;0.28
PayloadsAllTheThings;2016-10-18 07:29:07+00:00;2026-03-10 22:04:07+00:00;75928;Python;5;564;3430;9.4;0.06
Best-websites-a-programmer-should-visit;2017-03-05 20:25:17+00:00;2026-03-10 20:50:29+00:00;75834;;0;431;3292;9.02;0.11
json-server;2013-11-27 13:21:13+00:00;2026-03-10 22:46:56+00:00;75645;JavaScript;46;161;4486;12.29;0.03
spec-kit;2025-08-21 22:54:31+00:00;2026-03-10 23:04:15+00:00;75595;Python;113;193;201;0.55;0.02
Stirling-PDF;2023-01-27 18:22:42+00:00;2026-03-10 20:05:05+00:00;75160;TypeScript;168;3186;1138;3.12;0.14
nest;2017-02-04 20:12:52+00:00;2026-03-10 20:44:19+00:00;74952;TypeScript;143;8106;3321;9.1;0.11
Ventoy;2020-03-10 15:19:19+00:00;2026-03-10 23:00:17+00:00;74951;C;108;294;2191;6.0;0.02
ragflow;2023-12-12 06:13:13+00:00;2026-03-10 22:44:04+00:00;74688;Python;40;5501;819;2.24;0.03
union;2023-05-16 22:33:39+00:00;2026-03-10 21:36:38+00:00;74243;Rust;107;3102;1029;2.82;0.08
lazygit;2018-05-19 00:53:06+00:00;2026-03-10 23:04:06+00:00;73920;Go;177;1823;2852;7.81;0.02
awesome-vue;2015-10-20 00:16:14+00:00;2026-03-10 20:08:18+00:00;73626;;0;3619;3794;10.39;0.14
sherlock;2018-12-24 14:30:48+00:00;2026-03-10 22:39:21+00:00;73560;Python;2;735;2633;7.21;0.03
redis;2009-03-21 22:32:25+00:00;2026-03-10 22:38:22+00:00;73423;C;117;4432;6198;16.98;0.03
lobehub;2023-05-21 07:19:12+00:00;2026-03-10 23:03:10+00:00;73406;TypeScript;1000;4398;1024;2.81;0.02
awesome-public-datasets;2014-11-20 06:20:50+00:00;2026-03-10 22:13:47+00:00;73357;;1;188;4128;11.31;0.05
the-algorithm;2023-03-27 14:57:57+00:00;2026-03-10 18:54:15+00:00;72859;Scala;0;2;1079;2.96;0.19
tesseract;2014-08-12 18:04:59+00:00;2026-03-10 22:17:42+00:00;72812;C++;35;1432;4228;11.58;0.05
vllm;2023-02-09 11:23:20+00:00;2026-03-10 23:02:39+00:00;72751;Python;85;14605;1125;3.08;0.02
stable-diffusion;2022-08-10 14:36:44+00:00;2026-03-10 18:13:16+00:00;72669;Jupyter Notebook;0;5;1308;3.58;0.22
grafana;2013-12-11 15:59:56+00:00;2026-03-10 22:20:04+00:00;72644;TypeScript;597;62831;4472;12.25;0.05
Front-End-Checklist;2017-10-16 10:12:36+00:00;2026-03-10 20:34:15+00:00;72341;;1;179;3067;8.4;0.12
awesome-react;2014-08-06 05:31:44+00:00;2026-03-10 21:59:58+00:00;72310;;0;794;4234;11.6;0.06
openai-cookbook;2022-03-11 02:08:53+00:00;2026-03-10 20:13:59+00:00;72008;Jupyter Notebook;0;1010;1460;4.0;0.13
PaddleOCR;2020-05-08 10:38:16+00:00;2026-03-10 22:12:23+00:00;72001;Python;29;3124;2132;5.84;0.05
cpython;2017-02-10 19:23:51+00:00;2026-03-10 23:03:08+00:00;71984;Python;0;57367;3315;9.08;0.02
awesome-machine-learning;2014-07-15 19:11:19+00:00;2026-03-10 22:38:34+00:00;71930;Python;0;902;4256;11.66;0.03
screenshot-to-code;2023-11-14 17:53:32+00:00;2026-03-10 21:53:21+00:00;71868;TypeScript;0;76;847;2.32;0.07
imgui;2014-07-21 14:29:47+00:00;2026-03-10 23:01:00+00:00;71867;C++;118;419;4250;11.64;0.02
cs-self-learning;2021-10-20 13:43:42+00:00;2026-03-10 19:47:00+00:00;71729;HTML;5;315;1602;4.39;0.15
strapi;2015-09-30 15:34:48+00:00;2026-03-10 21:55:50+00:00;71547;TypeScript;514;9599;3814;10.45;0.06
moby;2013-01-18 18:10:57+00:00;2026-03-10 21:27:26+00:00;71501;Go;276;22362;4799;13.15;0.08
flask;2010-04-06 11:11:59+00:00;2026-03-10 20:44:18+00:00;71403;Python;38;1628;5817;15.94;0.11
Prompt-Engineering-Guide;2022-12-16 16:04:50+00:00;2026-03-10 22:17:08+00:00;71403;MDX;0;342;1180;3.23;0.05
superset;2015-07-21 18:55:34+00:00;2026-03-10 21:52:19+00:00;70893;TypeScript;243;16499;3885;10.64;0.07
obs-studio;2013-10-01 02:40:31+00:00;2026-03-10 22:38:19+00:00;70831;C;237;5425;4543;12.45;0.03
protobuf;2014-08-26 15:52:15+00:00;2026-03-10 18:11:52+00:00;70819;C++;208;8752;4214;11.55;0.22
caddy;2015-01-13 19:45:03+00:00;2026-03-10 22:50:39+00:00;70793;Go;134;2266;4074;11.16;0.03
reveal.js;2011-06-07 18:54:22+00:00;2026-03-10 21:19:38+00:00;70695;JavaScript;49;414;5390;14.77;0.09
everything-claude-code;2026-01-18 00:51:51+00:00;2026-03-10 23:03:14+00:00;70517;JavaScript;10;100;51;0.14;0.02
gpt_academic;2023-03-20 09:05:13+00:00;2026-03-10 18:40:55+00:00;70204;Python;32;228;1086;2.98;0.2
awesome-cpp;2014-07-17 08:51:11+00:00;2026-03-10 22:48:26+00:00;70123;;0;839;4254;11.65;0.03
swift;2015-10-23 21:15:07+00:00;2026-03-10 22:42:03+00:00;69923;C++;66;58138;3791;10.39;0.03
tabby;2016-12-23 09:06:10+00:00;2026-03-10 22:35:35+00:00;69435;TypeScript;204;1512;3364;9.22;0.04
SecLists;2012-02-19 01:30:18+00:00;2026-03-10 22:08:22+00:00;69350;PHP;29;696;5133;14.06;0.05
awesome-scalability;2017-12-27 03:46:40+00:00;2026-03-10 22:43:13+00:00;69275;;0;37;2995;8.21;0.03
act;2019-01-02 19:53:43+00:00;2026-03-10 23:02:31+00:00;69233;Go;92;1057;2624;7.19;0.02
express;2009-06-26 18:56:01+00:00;2026-03-10 21:16:03+00:00;68951;JavaScript;164;522;6101;16.72;0.09
OpenHands;2024-03-13 03:33:31+00:00;2026-03-10 22:27:20+00:00;68886;Python;99;6474;727;1.99;0.04
node;2023-02-01 13:55:02+00:00;2026-03-10 20:49:24+00:00;68700;Go;72;249;1133;3.1;0.11
AppFlowy;2021-06-16 12:56:48+00:00;2026-03-10 20:39:17+00:00;68505;Dart;128;3894;1728;4.73;0.12
ansible;2012-03-06 14:58:02+00:00;2026-03-10 20:43:38+00:00;68316;Python;207;39673;5117;14.02;0.11
LlamaFactory;2023-05-28 10:09:12+00:00;2026-03-10 20:52:08+00:00;68163;Python;35;907;1017;2.79;0.11
Chart.js;2013-03-17 23:56:36+00:00;2026-03-10 17:14:40+00:00;67240;JavaScript;117;3016;4740;12.99;0.26
awesome-courses;2014-11-15 18:36:49+00:00;2026-03-10 22:38:21+00:00;66954;;0;194;4133;11.32;0.03
anime;2016-03-13 21:37:45+00:00;2026-03-10 21:37:51+00:00;66789;JavaScript;34;87;3649;10.0;0.08
33-js-concepts;2018-09-04 13:27:04+00:00;2026-03-10 20:04:14+00:00;66271;JavaScript;0;262;2744;7.52;0.14
webpack;2012-03-10 10:08:14+00:00;2026-03-10 20:44:18+00:00;66092;JavaScript;448;5571;5113;14.01;0.11
echarts;2013-04-03 03:18:59+00:00;2026-03-10 23:03:30+00:00;65894;TypeScript;122;1494;4724;12.94;0.02
annotated_deep_learning_paper_implementations;2020-08-25 02:29:34+00:00;2026-03-10 19:59:28+00:00;65894;Python;0;104;2023;5.54;0.14
gpt4free;2023-03-29 17:00:43+00:00;2026-03-10 21:38:14+00:00;65739;Python;430;872;1077;2.95;0.08
ChinaTextbook;2020-01-05 04:11:06+00:00;2026-03-10 18:18:21+00:00;65724;Roff;0;1;2256;6.18;0.21
AFFiNE;2022-07-31 18:45:21+00:00;2026-03-10 22:47:09+00:00;65712;TypeScript;542;9039;1318;3.61;0.03
ghidra;2019-03-01 03:27:48+00:00;2026-03-10 22:26:06+00:00;65584;Java;52;556;2566;7.03;0.04
scikit-learn;2010-08-17 09:43:38+00:00;2026-03-10 22:38:43+00:00;65397;Python;49;14178;5684;15.57;0.03
javascript-questions;2019-06-12 08:26:27+00:00;2026-03-10 22:42:07+00:00;65310;;0;328;2463;6.75;0.03
awesome-nodejs;2014-07-11 13:35:34+00:00;2026-03-10 22:29:58+00:00;65235;;0;421;4260;11.67;0.04
Java;2016-07-16 10:21:02+00:00;2026-03-10 22:21:58+00:00;65187;Java;0;2269;3524;9.65;0.05
interviews;2017-02-14 18:19:25+00:00;2026-03-10 20:44:19+00:00;65030;Java;0;42;3311;9.07;0.11
design-resources-for-developers;2020-05-06 14:40:35+00:00;2026-03-10 22:40:25+00:00;64990;;0;967;2134;5.85;0.03
nocode;2018-02-06 23:54:00+00:00;2026-03-10 17:35:23+00:00;64969;Dockerfile;1;1;2953;8.09;0.24
MetaGPT;2023-06-30 09:04:55+00:00;2026-03-10 21:25:58+00:00;64957;Python;22;673;984;2.7;0.08
Apollo-11;2014-04-03 15:45:02+00:00;2026-03-10 21:18:30+00:00;64650;Assembly;0;355;4359;11.94;0.09
localstack;2016-10-25 23:48:03+00:00;2026-03-10 22:39:24+00:00;64622;Python;106;6813;3422;9.38;0.03
codex;2025-04-13 05:37:54+00:00;2026-03-10 22:57:20+00:00;64427;Rust;593;4449;331;0.91;0.02
docusaurus;2017-06-20 16:13:53+00:00;2026-03-10 22:23:57+00:00;64063;TypeScript;154;5629;3185;8.73;0.04
keras;2015-03-28 00:35:42+00:00;2026-03-10 22:29:08+00:00;63975;Python;86;4672;4000;10.96;0.04
daytona;2024-02-06 08:21:20+00:00;2026-03-10 22:59:35+00:00;63558;TypeScript;163;1883;763;2.09;0.02
prometheus;2012-11-24 11:14:12+00:00;2026-03-10 22:45:12+00:00;63191;Go;359;8248;4854;13.3;0.03
alacritty;2016-02-18 05:02:30+00:00;2026-03-10 21:24:26+00:00;62947;Rust;105;1918;3673;10.06;0.09
socket.io;2010-03-11 18:24:48+00:00;2026-03-10 22:55:59+00:00;62936;TypeScript;83;440;5843;16.01;0.02
resume.github.com;2011-02-06 13:39:55+00:00;2026-03-10 15:05:26+00:00;62812;JavaScript;0;84;5511;15.1;0.35
OpenBB;2020-12-20 10:46:38+00:00;2026-03-10 23:04:40+00:00;62794;Python;55;4220;1906;5.22;0.02
open-interpreter;2023-07-14 07:10:44+00:00;2026-03-10 22:40:18+00:00;62629;Python;48;384;970;2.66;0.03
nocodb;2017-10-29 18:51:48+00:00;2026-03-10 23:03:09+00:00;62457;TypeScript;183;5845;3054;8.37;0.02
traefik;2015-09-13 19:04:02+00:00;2026-03-10 22:38:22+00:00;62194;Go;508;5094;3831;10.5;0.03
rustlings;2015-09-15 02:25:18+00:00;2026-03-10 21:19:54+00:00;62116;Rust;46;922;3829;10.49;0.09
uBlock;2015-04-01 17:51:11+00:00;2026-03-10 22:38:58+00:00;62010;JavaScript;283;256;3996;10.95;0.03
nerd-fonts;2014-12-05 04:31:17+00:00;2026-03-10 22:40:24+00:00;61938;CSS;38;565;4113;11.27;0.03
sway;2021-01-19 20:54:33+00:00;2026-03-10 22:33:29+00:00;61894;Rust;185;3641;1876;5.14;0.04
crawl4ai;2024-05-09 09:48:50+00:00;2026-03-10 22:52:26+00:00;61673;Python;13;164;670;1.84;0.02
tldr;2013-12-08 07:34:43+00:00;2026-03-10 23:05:08+00:00;61605;Markdown;6;17808;4475;12.26;0.02
lodash;2012-04-07 04:11:46+00:00;2026-03-10 23:00:26+00:00;61577;JavaScript;2;614;5085;13.93;0.02
redux;2015-05-29 23:53:15+00:00;2026-03-10 21:59:55+00:00;61442;TypeScript;78;1747;3937;10.79;0.06
ladybird;2024-05-30 09:18:10+00:00;2026-03-10 22:36:03+00:00;61177;C++;0;5945;649;1.78;0.04
atom;2012-01-20 18:18:21+00:00;2026-03-10 19:44:11+00:00;60994;JavaScript;538;3937;5163;14.15;0.15
architect-awesome;2018-04-06 13:30:58+00:00;2026-03-10 18:38:01+00:00;60847;;0;49;2895;7.93;0.2
ripgrep;2016-03-11 02:02:33+00:00;2026-03-10 23:03:20+00:00;60817;Rust;74;544;3651;10.0;0.02
Front-end-Developer-Interview-Questions;2012-02-09 23:34:10+00:00;2026-03-10 19:37:25+00:00;60799;Nunjucks;0;484;5142;14.09;0.16
scrapy;2010-02-22 02:01:14+00:00;2026-03-10 22:02:52+00:00;60755;Python;46;2475;5860;16.05;0.06
leetcode-master;2019-12-14 12:05:42+00:00;2026-03-10 16:59:03+00:00;60663;Shell;0;2311;2278;6.24;0.27
minio;2015-01-14 19:23:58+00:00;2026-03-10 19:35:21+00:00;60452;Go;521;9882;4073;11.16;0.16
openpilot;2016-11-24 01:33:30+00:00;2026-03-10 23:03:01+00:00;60269;Python;61;12691;3393;9.3;0.02
markdown-here;2012-05-13 03:27:22+00:00;2026-03-10 18:48:13+00:00;60164;JavaScript;17;27;5049;13.83;0.19
nuxt;2016-10-26 11:18:47+00:00;2026-03-10 20:44:03+00:00;59869;TypeScript;274;7495;3422;9.38;0.11
jquery;2009-04-03 15:20:14+00:00;2026-03-10 15:05:57+00:00;59863;JavaScript;13;869;6185;16.95;0.35
drawio-desktop;2017-05-25 20:58:42+00:00;2026-03-10 22:51:55+00:00;59751;JavaScript;170;25;3211;8.8;0.02
spring-framework;2010-12-08 04:04:45+00:00;2026-03-10 22:48:18+00:00;59739;Java;357;907;5571;15.26;0.03
git;2008-07-23 14:21:26+00:00;2026-03-10 22:39:51+00:00;59589;C;0;3;6439;17.64;0.03
Real-Time-Voice-Cloning;2019-05-26 08:56:15+00:00;2026-03-10 21:56:38+00:00;59513;Python;0;51;2480;6.79;0.06
pathway;2022-11-27 13:01:14+00:00;2026-03-10 21:24:30+00:00;59442;Python;84;19;1199;3.28;0.09
30-Days-Of-Python;2019-11-19 17:24:16+00:00;2026-03-10 22:56:07+00:00;59300;Python;0;137;2303;6.31;0.02
shadowsocks-windows;2013-01-14 07:54:16+00:00;2026-03-10 17:17:51+00:00;59277;C#;55;290;4803;13.16;0.26
awesome-flutter;2017-05-07 11:45:27+00:00;2026-03-10 21:58:20+00:00;59227;Dart;0;448;3229;8.85;0.06
llama;2023-02-14 09:29:12+00:00;2026-03-10 18:49:34+00:00;59216;Python;0;54;1120;3.07;0.19
Magisk;2016-09-08 12:42:53+00:00;2026-03-10 19:56:39+00:00;59185;Rust;156;1688;3470;9.51;0.15
angular.js;2010-01-06 00:34:37+00:00;2026-03-10 22:14:45+00:00;58921;JavaScript;0;790;5907;16.18;0.05
cline;2024-07-06 07:28:10+00:00;2026-03-10 22:38:38+00:00;58841;TypeScript;240;3272;612;1.68;0.03
awesome-chatgpt-prompts-zh;2022-12-12 01:55:03+00:00;2026-03-10 22:31:43+00:00;58648;;0;33;1184;3.24;0.04
rails;2008-04-11 02:19:47+00:00;2026-03-10 22:18:34+00:00;58414;Ruby;160;25889;6542;17.92;0.05
mkcert;2018-06-25 05:33:03+00:00;2026-03-10 22:49:39+00:00;58336;Go;14;52;2815;7.71;0.03
FFmpeg;2011-04-14 14:12:38+00:00;2026-03-10 21:55:41+00:00;57759;C;0;0;5444;14.92;0.06
memos;2021-12-08 15:30:18+00:00;2026-03-10 21:02:47+00:00;57666;Go;86;1927;1553;4.25;0.1
bat;2018-04-21 10:52:23+00:00;2026-03-10 21:20:28+00:00;57650;Rust;43;1581;2880;7.89;0.09
html5-boilerplate;2010-01-24 18:03:24+00:00;2026-03-10 10:26:59+00:00;57403;JavaScript;34;804;5889;16.13;0.54
astro;2021-03-15 17:19:47+00:00;2026-03-10 22:05:26+00:00;57401;TypeScript;1000;8280;1821;4.99;0.06
zustand;2019-04-09 09:10:06+00:00;2026-03-10 22:36:48+00:00;57314;TypeScript;101;889;2527;6.92;0.03
fuel-core;2020-08-27 21:12:14+00:00;2026-03-10 22:33:29+00:00;57313;Rust;125;1618;2021;5.54;0.04
DeepLearning-500-questions;2018-06-27 06:36:45+00:00;2026-03-10 14:10:58+00:00;57193;JavaScript;0;302;2813;7.71;0.39
private-gpt;2023-05-02 09:15:31+00:00;2026-03-10 21:30:40+00:00;57167;Python;10;226;1043;2.86;0.08
yolov5;2020-05-18 03:45:11+00:00;2026-03-10 21:27:58+00:00;56967;Python;10;2240;2122;5.81;0.08
you-get;2012-08-20 15:53:36+00:00;2026-03-10 13:06:21+00:00;56766;Python;123;582;4950;13.56;0.43
pocketbase;2022-07-05 06:06:21+00:00;2026-03-10 22:34:49+00:00;56662;Go;247;55;1344;3.68;0.04
vaultwarden;2018-02-17 22:40:20+00:00;2026-03-10 22:37:52+00:00;56554;Rust;78;1089;2943;8.06;0.03
react-router;2014-05-16 22:22:51+00:00;2026-03-10 19:48:40+00:00;56289;TypeScript;326;3416;4316;11.82;0.15
meilisearch;2018-04-23 11:45:28+00:00;2026-03-10 21:46:07+00:00;56283;Rust;300;2343;2878;7.88;0.07
face_recognition;2017-03-03 21:52:39+00:00;2026-03-10 17:51:33+00:00;56182;Python;2;94;3294;9.02;0.23
llm-app;2023-07-19 08:43:37+00:00;2026-03-10 23:05:15+00:00;56164;Jupyter Notebook;0;49;965;2.64;0.02
awesome-rust;2014-07-17 10:45:10+00:00;2026-03-10 22:37:45+00:00;56093;Rust;0;1707;4254;11.65;0.03
pi-hole;2014-06-08 15:02:55+00:00;2026-03-10 22:40:58+00:00;56044;Shell;123;2173;4293;11.76;0.03
anything-llm;2023-06-04 02:29:14+00:00;2026-03-10 22:57:33+00:00;56031;JavaScript;25;1313;1010;2.77;0.02
rclone;2014-03-16 16:19:57+00:00;2026-03-10 22:45:15+00:00;55952;Go;122;2312;4377;11.99;0.03
gatsby;2015-05-21 22:43:05+00:00;2026-03-10 18:30:04+00:00;55936;JavaScript;158;18259;3946;10.81;0.21
MinerU;2024-02-29 08:52:34+00:00;2026-03-10 20:06:50+00:00;55879;Python;143;1320;740;2.03;0.14
leetcode;2018-03-30 09:13:51+00:00;2026-03-10 11:49:08+00:00;55821;JavaScript;40;257;2902;7.95;0.48
rich;2019-11-10 15:28:09+00:00;2026-03-10 22:11:35+00:00;55729;Python;175;860;2312;6.33;0.05
GPT-SoVITS;2024-01-14 18:05:21+00:00;2026-03-10 20:42:11+00:00;55647;Python;4;355;786;2.15;0.11
awesome-android-ui;2014-12-24 01:45:03+00:00;2026-03-10 19:12:04+00:00;55611;;0;90;4094;11.22;0.18
github-cheat-sheet;2014-04-12 16:38:42+00:00;2026-03-10 20:38:43+00:00;55583;;0;129;4350;11.92;0.12
project-layout;2017-09-09 16:33:26+00:00;2026-03-10 21:30:39+00:00;55526;Makefile;0;94;3104;8.5;0.08
docling;2024-07-09 07:50:26+00:00;2026-03-10 22:49:48+00:00;55493;Python;157;757;609;1.67;0.03
autogen;2023-08-18 11:43:45+00:00;2026-03-10 22:38:34+00:00;55420;Python;98;2534;935;2.56;0.03
gpt-engineer;2023-04-29 12:52:15+00:00;2026-03-10 16:54:09+00:00;55220;Python;21;351;1046;2.87;0.27
hackingtool;2020-04-11 09:21:31+00:00;2026-03-10 22:45:06+00:00;55202;Python;0;57;2159;5.92;0.03
OpenManus;2025-03-06 14:08:14+00:00;2026-03-10 20:34:55+00:00;55140;Python;3;115;369;1.01;0.12
appwrite;2019-04-08 16:36:25+00:00;2026-03-10 22:38:27+00:00;55129;TypeScript;120;4459;2528;6.93;0.03
faceswap;2017-12-19 09:44:13+00:00;2026-03-10 09:29:38+00:00;55031;Python;5;363;3003;8.23;0.58
starship;2019-04-02 03:23:12+00:00;2026-03-10 22:22:09+00:00;54759;Rust;138;3060;2534;6.94;0.05
nanoGPT;2022-12-28 00:51:12+00:00;2026-03-10 22:37:33+00:00;54587;Python;0;45;1168;3.2;0.03
marktext;2017-11-12 16:05:25+00:00;2026-03-10 22:39:56+00:00;54415;JavaScript;36;944;3040;8.33;0.03
ChatGPT;2022-12-07 09:43:02+00:00;2026-03-10 16:16:01+00:00;54382;Rust;34;123;1189;3.26;0.3
gitea;2016-11-01 02:13:26+00:00;2026-03-10 22:59:47+00:00;54213;Go;224;18549;3416;9.36;0.02
element;2016-09-03 06:19:26+00:00;2026-03-09 15:30:06+00:00;54206;Vue;145;3231;3475;9.52;1.33
ultralytics;2022-09-11 16:39:45+00:00;2026-03-10 21:42:06+00:00;54177;Python;349;4261;1276;3.5;0.07
maybe;2024-01-01 22:23:46+00:00;2026-03-10 22:38:35+00:00;54053;Ruby;28;1073;799;2.19;0.03
requests;2011-02-13 18:38:17+00:00;2026-03-10 20:44:18+00:00;53920;Python;14;1619;5504;15.08;0.11
joplin;2017-01-16 21:49:41+00:00;2026-03-10 22:39:29+00:00;53819;TypeScript;401;5264;3340;9.15;0.03
normalize.css;2011-05-04 10:20:25+00:00;2026-03-10 21:56:11+00:00;53760;CSS;0;56;5424;14.86;0.06
unsloth;2023-11-29 16:50:09+00:00;2026-03-10 23:02:46+00:00;53687;Python;23;780;832;2.28;0.02
segment-anything;2023-03-23 17:03:03+00:00;2026-03-10 22:39:09+00:00;53624;Jupyter Notebook;0;16;1083;2.97;0.03
ai-agents-for-beginners;2024-11-28 10:42:52+00:00;2026-03-10 22:39:07+00:00;53589;Jupyter Notebook;0;317;467;1.28;0.03
dive;2018-05-13 15:44:01+00:00;2026-03-10 21:28:24+00:00;53521;Go;28;164;2858;7.83;0.08
powerlevel10k;2019-02-24 19:09:45+00:00;2026-03-10 23:03:10+00:00;53318;Shell;33;168;2571;7.04;0.02
core;2018-06-12 13:49:36+00:00;2026-03-10 23:01:37+00:00;53188;TypeScript;269;3658;2828;7.75;0.02
trackerslist;2016-04-24 11:57:57+00:00;2026-03-10 22:16:45+00:00;53157;;0;1;3607;9.88;0.05
material-design-icons;2014-10-08 18:01:28+00:00;2026-03-10 23:04:29+00:00;52964;;16;50;4171;11.43;0.02
pdf.js;2011-04-26 06:32:03+00:00;2026-03-10 22:25:54+00:00;52953;JavaScript;83;8499;5432;14.88;0.04
first-contributions;2016-09-20 14:35:09+00:00;2026-03-10 22:43:46+00:00;52928;;0;94894;3458;9.47;0.03
ImHex;2020-11-10 14:27:00+00:00;2026-03-10 15:19:08+00:00;52840;C++;82;727;1946;5.33;0.34
n8n-workflows;2025-05-14 08:43:59+00:00;2026-03-10 22:38:45+00:00;52761;Python;1;34;300;0.82;0.03
Free-Certifications;2020-07-31 10:26:19+00:00;2026-03-10 22:38:29+00:00;52487;;0;115;2048;5.61;0.03
kotlin;2012-02-13 17:29:58+00:00;2026-03-10 22:10:58+00:00;52438;Kotlin;285;2147;5139;14.08;0.05
ionic-framework;2013-08-20 23:06:02+00:00;2026-03-10 22:25:53+00:00;52388;TypeScript;931;6526;4585;12.56;0.04
Docker-OSX;2020-06-04 11:01:37+00:00;2026-03-10 22:24:50+00:00;52241;Shell;0;109;2105;5.77;0.04
typst;2019-09-24 21:41:56+00:00;2026-03-10 23:00:27+00:00;52014;Rust;27;2236;2359;6.46;0.02
Ghost;2013-05-04 11:09:13+00:00;2026-03-10 22:22:41+00:00;52009;JavaScript;955;15722;4693;12.86;0.04
v2rayNG;2019-05-15 02:15:31+00:00;2026-03-10 21:09:49+00:00;51947;Kotlin;283;541;2491;6.82;0.1
PowerShell;2016-01-13 23:41:35+00:00;2026-03-10 22:16:33+00:00;51792;C#;193;8099;3708;10.16;0.05
prettier;2016-11-29 17:13:37+00:00;2026-03-10 20:44:21+00:00;51790;JavaScript;134;9667;3388;9.28;0.11
termux-app;2015-10-23 09:42:46+00:00;2026-03-10 21:11:47+00:00;51759;Java;95;177;3791;10.39;0.09
etcd;2013-07-06 21:57:21+00:00;2026-03-10 21:40:44+00:00;51696;Go;272;10238;4630;12.68;0.07
coolify;2021-01-25 20:54:01+00:00;2026-03-10 22:39:34+00:00;51561;PHP;667;2318;1870;5.12;0.03
grok-1;2024-03-17 08:53:38+00:00;2026-03-10 16:56:45+00:00;51534;Python;0;5;723;1.98;0.27
awesome-ios;2014-07-10 16:03:45+00:00;2026-03-10 19:12:10+00:00;51503;Swift;0;2240;4261;11.67;0.18
guava;2014-05-29 16:23:17+00:00;2026-03-10 22:28:28+00:00;51500;Java;57;1202;4303;11.79;0.04
jekyll;2008-10-20 06:29:03+00:00;2026-03-10 23:02:29+00:00;51433;Ruby;112;3197;6350;17.4;0.02
Semantic-UI;2013-04-08 23:32:04+00:00;2026-03-10 15:00:27+00:00;51136;JavaScript;154;356;4718;12.93;0.35
chinese-poetry;2016-09-02 03:32:25+00:00;2026-03-10 18:30:53+00:00;51050;JavaScript;1;137;3476;9.52;0.21
DefinitelyTyped;2012-10-05 16:39:45+00:00;2026-03-10 21:12:23+00:00;51025;TypeScript;1;52975;4904;13.44;0.09
Motrix;2018-12-18 11:45:05+00:00;2026-03-10 20:05:59+00:00;51017;JavaScript;21;192;2639;7.23;0.14
go-ethereum;2013-12-26 13:05:46+00:00;2026-03-10 20:37:00+00:00;50902;Go;228;8791;4457;12.21;0.12
professional-programming;2015-11-07 05:07:52+00:00;2026-03-10 22:19:25+00:00;50648;Python;0;43;3776;10.35;0.05
awesome-wechat-weapp;2016-09-22 20:04:48+00:00;2026-03-10 19:42:01+00:00;50605;;0;278;3456;9.47;0.16
Flowise;2023-03-31 12:23:09+00:00;2026-03-10 21:23:36+00:00;50591;TypeScript;80;1582;1075;2.95;0.09
hiring-without-whiteboards;2017-03-15 05:09:01+00:00;2026-03-10 18:52:28+00:00;50479;JavaScript;0;1309;3282;8.99;0.19
windows;2024-01-14 13:09:40+00:00;2026-03-10 22:52:54+00:00;50290;Shell;119;519;786;2.15;0.02
MoneyPrinterTurbo;2024-03-11 02:57:34+00:00;2026-03-10 22:25:46+00:00;50127;Python;9;145;729;2.0;0.04
lazydocker;2019-05-18 08:53:50+00:00;2026-03-10 20:37:37+00:00;50060;Go;45;191;2488;6.82;0.12
bulma;2016-01-23 23:48:34+00:00;2026-03-10 17:44:24+00:00;50057;CSS;22;646;3698;10.13;0.24
100-Days-Of-ML-Code;2018-07-05 09:11:43+00:00;2026-03-10 18:48:22+00:00;49800;;0;6;2805;7.68;0.19
mastodon;2016-02-22 15:01:25+00:00;2026-03-10 19:56:38+00:00;49729;Ruby;327;19188;3669;10.05;0.15
cypress;2015-03-04 00:46:28+00:00;2026-03-10 20:11:00+00:00;49605;TypeScript;387;8086;4024;11.02;0.14
odoo;2014-05-13 15:38:58+00:00;2026-03-10 22:56:38+00:00;49432;Python;0;6182;4319;11.83;0.02
hacker-scripts;2015-11-21 19:05:09+00:00;2026-03-10 09:41:45+00:00;49430;JavaScript;0;63;3762;10.31;0.57
mem0;2023-06-20 08:58:36+00:00;2026-03-10 22:36:49+00:00;49321;Python;273;1825;994;2.72;0.03
jellyfin;2018-12-09 06:36:45+00:00;2026-03-10 22:49:02+00:00;49235;C#;102;5182;2648;7.25;0.03
lx-music-desktop;2019-08-14 14:31:08+00:00;2026-03-10 23:05:27+00:00;49233;TypeScript;112;90;2400;6.58;0.02
open-source-ios-apps;2015-01-26 23:32:34+00:00;2026-03-10 22:14:16+00:00;49179;;37;1547;4060;11.12;0.05
alist;2020-12-23 17:40:29+00:00;2026-03-10 17:26:03+00:00;49145;Go;143;905;1903;5.21;0.25
json;2013-07-04 08:47:49+00:00;2026-03-10 21:03:38+00:00;49078;C++;45;1007;4632;12.69;0.1
dbeaver;2015-10-21 08:26:28+00:00;2026-03-10 22:09:17+00:00;49022;Java;243;6732;3793;10.39;0.05
winutil;2022-04-28 02:25:19+00:00;2026-03-10 22:16:10+00:00;48861;PowerShell;34;1069;1412;3.87;0.05
huginn;2013-03-10 06:00:31+00:00;2026-03-10 21:41:41+00:00;48845;Ruby;1;1065;4748;13.01;0.07
query;2019-09-10 19:23:58+00:00;2026-03-10 22:36:57+00:00;48766;TypeScript;1000;3201;2373;6.5;0.03
julia;2011-04-21 07:01:50+00:00;2026-03-10 22:06:43+00:00;48610;Julia;196;26906;5437;14.9;0.06
dayjs;2018-04-10 09:26:44+00:00;2026-03-10 15:15:13+00:00;48584;JavaScript;125;715;2891;7.92;0.34
RxJava;2013-01-08 20:11:48+00:00;2026-03-10 17:41:13+00:00;48484;Java;243;3377;4809;13.18;0.24
context7;2025-03-26 23:40:39+00:00;2026-03-10 22:41:14+00:00;48444;TypeScript;52;276;348;0.95;0.03
TrendRadar;2025-04-28 11:42:16+00:00;2026-03-10 22:17:47+00:00;48426;Python;0;1;316;0.87;0.05
algorithm-visualizer;2016-05-15 00:27:45+00:00;2026-03-10 19:34:42+00:00;48380;JavaScript;0;183;3586;9.82;0.16
pandas;2010-08-24 01:37:33+00:00;2026-03-10 23:04:51+00:00;48102;Python;118;28036;5677;15.55;0.02
moment;2011-03-01 02:46:06+00:00;2026-03-10 22:13:28+00:00;48050;JavaScript;0;714;5488;15.04;0.05
terraform;2014-03-13 22:25:48+00:00;2026-03-10 21:44:02+00:00;47967;Go;403;13212;4380;12.0;0.07
x64dbg;2015-04-11 20:48:23+00:00;2026-03-10 22:04:25+00:00;47866;C++;4;774;3986;10.92;0.06
Fooocus;2023-08-09 18:43:40+00:00;2026-03-10 16:04:43+00:00;47839;Python;21;448;944;2.59;0.31
expo;2016-08-15 17:14:25+00:00;2026-03-10 23:04:33+00:00;47834;TypeScript;0;20699;3494;9.57;0.02
type-challenges;2020-07-23 14:33:11+00:00;2026-03-10 18:02:49+00:00;47798;TypeScript;0;600;2056;5.63;0.23
open-source-mac-os-apps;2017-11-03 02:35:33+00:00;2026-03-10 22:38:25+00:00;47774;;0;614;3049;8.35;0.03
kubernetes-the-hard-way;2016-07-07 14:15:27+00:00;2026-03-10 22:52:55+00:00;47684;;0;73;3533;9.68;0.02
design-patterns-for-humans;2017-02-16 21:24:39+00:00;2026-03-10 17:43:59+00:00;47617;;0;50;3309;9.07;0.24
big-list-of-naughty-strings;2015-08-08 20:57:20+00:00;2026-03-10 15:48:59+00:00;47605;Python;0;89;3867;10.59;0.32
htmx;2020-04-13 16:17:51+00:00;2026-03-10 22:46:29+00:00;47585;JavaScript;27;1054;2157;5.91;0.03
jadx;2013-03-18 17:08:21+00:00;2026-03-10 21:18:26+00:00;47568;Java;34;623;4740;12.99;0.09
gogs;2014-02-12 01:57:08+00:00;2026-03-10 19:27:44+00:00;47567;Go;96;1869;4409;12.08;0.17
llama_index;2022-11-02 04:24:54+00:00;2026-03-10 22:25:48+00:00;47559;Python;426;7657;1224;3.35;0.04
freqtrade;2017-05-17 23:48:53+00:00;2026-03-10 22:47:17+00:00;47531;Python;110;6337;3218;8.82;0.03
ai-hedge-fund;2024-11-29 16:30:01+00:00;2026-03-10 23:06:58+00:00;47521;Python;0;42;466;1.28;0.01
Projects;2013-07-04 13:37:27+00:00;2026-03-10 18:12:14+00:00;47463;;0;19;4632;12.69;0.22
whisper.cpp;2022-09-25 18:26:37+00:00;2026-03-10 22:14:18+00:00;47405;C++;31;932;1262;3.46;0.05
awesome-java;2014-07-09 10:12:43+00:00;2026-03-10 21:04:35+00:00;47260;;0;733;4262;11.68;0.1
chinese-independent-developer;2017-09-21 11:08:23+00:00;2026-03-10 16:22:58+00:00;47057;;0;415;3092;8.47;0.29
PythonDataScienceHandbook;2016-08-10 14:24:36+00:00;2026-03-10 22:39:05+00:00;47016;Jupyter Notebook;0;28;3499;9.59;0.03
react;2018-06-02 04:08:16+00:00;2026-03-10 17:54:22+00:00;46998;JavaScript;0;375;2838;7.78;0.23
awesome-react-components;2016-06-24 15:19:33+00:00;2026-03-10 20:57:05+00:00;46993;;0;343;3546;9.72;0.1
serverless;2015-04-21 03:48:40+00:00;2026-03-09 17:19:03+00:00;46946;JavaScript;480;4858;3976;10.89;1.26
brew;2016-03-06 05:08:38+00:00;2026-03-10 18:16:31+00:00;46939;Ruby;473;13826;3656;10.02;0.22
v2ray-core;2015-09-04 11:42:53+00:00;2026-03-10 19:13:32+00:00;46936;Go;247;203;3840;10.52;0.18
quill;2012-07-30 23:23:18+00:00;2026-03-10 19:27:37+00:00;46935;TypeScript;95;382;4971;13.62;0.17
okhttp;2012-07-23 13:42:55+00:00;2026-03-10 21:57:23+00:00;46918;Kotlin;0;3970;4978;13.64;0.06
pixijs;2013-01-21 22:40:50+00:00;2026-03-10 19:05:38+00:00;46715;TypeScript;304;3812;4796;13.14;0.18
Made-With-ML;2018-11-05 03:44:27+00:00;2026-03-10 21:29:19+00:00;46688;Jupyter Notebook;1;147;2682;7.35;0.08
Pake;2022-10-14 09:32:57+00:00;2026-03-10 22:27:47+00:00;46567;Rust;41;111;1243;3.41;0.04
discourse;2013-01-12 00:25:55+00:00;2026-03-10 23:06:51+00:00;46529;Ruby;0;33558;4805;13.16;0.01
OpenCut;2025-06-22 08:02:17+00:00;2026-03-10 22:53:09+00:00;46472;TypeScript;2;187;261;0.72;0.02
plane;2022-11-19 12:55:01+00:00;2026-03-10 22:54:42+00:00;46435;TypeScript;54;6280;1207;3.31;0.02
metabase;2015-02-02 19:25:47+00:00;2026-03-10 22:41:34+00:00;46355;Clojure;733;39626;4054;11.11;0.03
awesome-design-patterns;2018-06-04 17:47:48+00:00;2026-03-10 22:57:50+00:00;46351;;0;30;2836;7.77;0.02
ClickHouse;2016-06-02 08:28:18+00:00;2026-03-10 23:01:26+00:00;46273;C++;746;59244;3568;9.78;0.02
text-generation-webui;2022-12-21 04:17:37+00:00;2026-03-10 22:33:11+00:00;46210;Python;93;1237;1175;3.22;0.04
ruff;2022-08-09 17:17:44+00:00;2026-03-10 22:22:37+00:00;46200;Rust;402;13672;1309;3.59;0.04
nanochat;2025-10-13 13:46:35+00:00;2026-03-10 23:05:27+00:00;46193;Python;0;73;148;0.41;0.02
30-Days-Of-JavaScript;2019-12-23 14:07:40+00:00;2026-03-10 14:09:34+00:00;46160;JavaScript;0;100;2269;6.22;0.39
frontend-dev-bookmarks;2013-06-22 13:23:55+00:00;2026-03-10 22:14:44+00:00;46159;;1;129;4644;12.72;0.05
learn-regex;2017-07-22 12:21:03+00:00;2026-03-10 14:23:31+00:00;46159;;0;132;3153;8.64;0.38
ghostty;2022-03-29 17:38:26+00:00;2026-03-10 23:06:01+00:00;46005;Zig;1;3646;1442;3.95;0.01
AI-For-Beginners;2021-03-03 16:27:36+00:00;2026-03-10 20:15:48+00:00;45957;Jupyter Notebook;0;289;1833;5.02;0.13
acme.sh;2015-12-26 12:56:33+00:00;2026-03-10 22:33:56+00:00;45919;Shell;46;1513;3727;10.21;0.04
tldraw;2021-05-09 11:48:37+00:00;2026-03-10 21:04:18+00:00;45728;TypeScript;102;4453;1766;4.84;0.1
monaco-editor;2016-06-07 16:56:31+00:00;2026-03-10 18:04:51+00:00;45710;JavaScript;187;558;3563;9.76;0.22
crewAI;2023-10-27 03:26:59+00:00;2026-03-10 21:36:43+00:00;45704;Python;141;1401;865;2.37;0.08
architecture-samples;2016-02-05 13:42:07+00:00;2026-03-10 22:53:54+00:00;45600;Kotlin;0;232;3686;10.1;0.02
GitHubDaily;2018-12-30 13:56:58+00:00;2026-03-10 21:23:46+00:00;45553;;0;3;2627;7.2;0.09
prisma;2019-06-20 13:33:47+00:00;2026-03-10 19:39:48+00:00;45488;TypeScript;242;6753;2455;6.73;0.16
awesome-cheatsheets;2017-11-09 02:47:15+00:00;2026-03-10 21:40:34+00:00;45469;JavaScript;0;171;3043;8.34;0.07
JeecgBoot;2018-11-26 10:40:00+00:00;2026-03-10 15:45:26+00:00;45375;Java;70;126;2661;7.29;0.32
nvm-windows;2014-09-20 16:37:28+00:00;2026-03-10 17:52:06+00:00;45354;Go;23;107;4189;11.48;0.23
jest;2013-12-10 00:18:04+00:00;2026-03-10 20:07:25+00:00;45323;TypeScript;214;5774;4473;12.25;0.14
AdminLTE;2013-12-25 02:52:40+00:00;2026-03-10 14:11:45+00:00;45317;CSS;78;1565;4458;12.21;0.39
zx;2021-05-05 05:50:01+00:00;2026-03-10 21:02:21+00:00;45261;JavaScript;100;605;1770;4.85;0.1
MediaCrawler;2023-06-09 12:14:34+00:00;2026-03-10 19:04:54+00:00;45197;Python;0;132;1005;2.75;0.18
bevy;2020-01-18 21:13:55+00:00;2026-03-10 22:25:26+00:00;44996;Rust;53;7504;2243;6.15;0.04
spotube;2021-02-14 03:17:58+00:00;2026-03-10 23:04:59+00:00;44854;Dart;43;257;1850;5.07;0.02
Rocket.Chat;2015-05-19 07:36:09+00:00;2026-03-10 22:16:30+00:00;44853;TypeScript;1000;15706;3948;10.82;0.05
CppCoreGuidelines;2015-08-19 20:22:52+00:00;2026-03-10 16:32:32+00:00;44826;CSS;4;825;3856;10.56;0.29
TTS;2020-05-20 15:45:28+00:00;2026-03-10 21:59:56+00:00;44780;Python;98;467;2120;5.81;0.06
meteor;2012-01-19 01:58:17+00:00;2026-03-10 22:03:56+00:00;44778;JavaScript;0;2678;5164;14.15;0.06
penpot;2015-12-29 22:09:07+00:00;2026-03-10 22:36:04+00:00;44737;Clojure;69;5541;3724;10.2;0.04
hyper;2016-07-01 06:01:21+00:00;2026-03-10 16:38:19+00:00;44713;TypeScript;88;3291;3539;9.7;0.28
slidev;2021-04-24 01:25:23+00:00;2026-03-10 18:48:10+00:00;44713;TypeScript;419;804;1781;4.88;0.19
legado;2019-05-22 04:18:58+00:00;2026-03-10 22:54:23+00:00;44702;Kotlin;115;1139;2484;6.81;0.02
Leaflet;2010-09-22 16:57:44+00:00;2026-03-10 21:19:52+00:00;44619;JavaScript;34;3242;5648;15.47;0.09
react-hook-form;2019-03-05 23:47:10+00:00;2026-03-10 20:00:34+00:00;44578;TypeScript;600;2141;2561;7.02;0.14
airflow;2015-04-13 18:04:58+00:00;2026-03-10 22:44:11+00:00;44570;Python;114;34430;3984;10.92;0.03
grpc;2014-12-08 18:58:53+00:00;2026-03-10 23:06:17+00:00;44466;C++;364;20514;4110;11.26;0.01
edex-ui;2017-01-28 09:35:02+00:00;2026-03-10 20:05:57+00:00;44411;JavaScript;29;399;3328;9.12;0.14
pyenv;2012-08-31 06:57:52+00:00;2026-03-10 22:38:04+00:00;44382;Shell;151;1045;4939;13.53;0.03
reactjs-interview-questions;2018-05-31 17:17:01+00:00;2026-03-10 22:15:33+00:00;44341;JavaScript;0;170;2840;7.78;0.05
awesome-compose;2020-02-13 08:51:42+00:00;2026-03-10 22:38:28+00:00;44316;HTML;0;149;2217;6.07;0.03
build-web-application-with-golang;2012-08-02 11:49:35+00:00;2026-03-10 15:56:29+00:00;44156;Go;0;757;4968;13.61;0.31
EasySpider;2020-07-18 02:41:27+00:00;2026-03-10 14:30:34+00:00;44054;JavaScript;10;44;2061;5.65;0.37
parcel;2017-08-07 16:36:47+00:00;2026-03-10 09:42:40+00:00;44048;JavaScript;52;2600;3137;8.59;0.57
iina;2016-12-19 07:18:45+00:00;2026-03-10 17:38:19+00:00;44021;Swift;47;884;3368;9.23;0.24
awesome-remote-job;2015-01-02 00:31:34+00:00;2026-03-10 22:38:21+00:00;43986;;0;593;4085;11.19;0.03
react-use;2018-10-27 10:16:05+00:00;2026-03-10 20:02:40+00:00;43950;TypeScript;256;1533;2691;7.37;0.14
retrofit;2010-09-06 21:39:43+00:00;2026-03-10 17:52:12+00:00;43904;HTML;4;1345;5664;15.52;0.23
babel;2014-09-28 13:38:23+00:00;2026-03-10 15:33:45+00:00;43899;TypeScript;452;6556;4181;11.45;0.33
front-end-interview-handbook;2018-01-13 19:40:08+00:00;2026-03-10 19:39:12+00:00;43881;MDX;0;349;2978;8.16;0.16
upscayl;2022-07-30 17:19:20+00:00;2026-03-10 20:36:29+00:00;43859;TypeScript;29;0;1319;3.61;0.12
streamlit;2019-08-24 00:14:52+00:00;2026-03-10 23:04:51+00:00;43827;Python;116;6912;2390;6.55;0.02
TensorFlow-Examples;2015-11-11 14:21:19+00:00;2026-03-10 11:00:12+00:00;43801;Jupyter Notebook;0;88;3772;10.33;0.52
Summer2026-Internships;2020-05-23 20:53:18+00:00;2026-03-10 23:01:51+00:00;43729;Python;0;1674;2117;5.8;0.02
cobra;2013-09-03 20:40:26+00:00;2026-03-10 22:33:55+00:00;43460;Go;27;626;4571;12.52;0.04
LocalAI;2023-03-18 22:58:02+00:00;2026-03-10 22:34:01+00:00;43454;Go;97;4996;1088;2.98;0.04
helix;2020-06-01 04:26:56+00:00;2026-03-10 21:59:03+00:00;43451;Rust;30;4616;2108;5.78;0.06
jsoncrack.com;2022-01-30 15:25:18+00:00;2026-03-10 14:07:18+00:00;43422;TypeScript;22;89;1500;4.11;0.39
TrafficMonitor;2017-07-30 02:51:17+00:00;2026-03-10 17:15:47+00:00;43384;C++;26;67;3145;8.62;0.26
fuels-rs;2021-10-31 22:33:54+00:00;2026-03-10 16:42:40+00:00;43382;Rust;120;910;1591;4.36;0.28
fuels-ts;2021-09-03 18:11:03+00:00;2026-03-10 16:42:39+00:00;43336;TypeScript;156;1979;1649;4.52;0.28
sentry;2010-08-30 22:06:41+00:00;2026-03-10 22:52:19+00:00;43318;Python;163;82105;5671;15.54;0.02
milvus;2019-09-16 06:43:43+00:00;2026-03-10 23:01:08+00:00;43297;Go;153;24861;2367;6.48;0.02
copyparty;2019-05-26 15:28:33+00:00;2026-03-10 22:59:52+00:00;43296;Python;337;172;2480;6.79;0.02
cli;2019-10-03 15:24:53+00:00;2026-03-10 22:33:46+00:00;43077;Go;190;2824;2350;6.44;0.04
pm2;2013-05-21 03:25:25+00:00;2026-03-10 19:23:50+00:00;42974;JavaScript;134;558;4676;12.81;0.17
spark;2014-02-25 08:00:08+00:00;2026-03-10 23:04:03+00:00;42960;Scala;0;9;4396;12.04;0.02
CPlusPlusThings;2019-07-14 08:45:45+00:00;2026-03-10 18:54:28+00:00;42950;C++;0;72;2431;6.66;0.19
kong;2014-11-17 23:56:08+00:00;2026-03-10 22:58:22+00:00;42918;Lua;145;6501;4130;11.32;0.02
zig;2015-08-06 00:51:28+00:00;2026-03-10 22:15:42+00:00;42902;Zig;21;9540;3869;10.6;0.05
tmux;2015-06-03 23:32:55+00:00;2026-03-10 22:08:41+00:00;42883;C;39;3;3932;10.77;0.05
what-happens-when;2013-11-07 04:30:06+00:00;2026-03-10 18:56:43+00:00;42804;;0;108;4506;12.35;0.19
python-patterns;2012-06-06 21:02:35+00:00;2026-03-10 22:01:04+00:00;42787;Python;0;289;5025;13.77;0.06
awesome-claude-skills;2025-10-17 07:15:01+00:00;2026-03-10 23:02:40+00:00;42705;Python;0;20;144;0.39;0.02
mitmproxy;2010-02-16 04:10:13+00:00;2026-03-10 22:38:34+00:00;42602;Python;79;2741;5866;16.07;0.03
RSSHub;2018-04-02 14:43:21+00:00;2026-03-10 20:09:13+00:00;42530;TypeScript;0;12132;2899;7.94;0.14
fanqiang;2015-01-14 00:34:25+00:00;2026-03-10 18:45:29+00:00;42514;Kotlin;3;3;4073;11.16;0.2
pandoc;2010-03-20 20:34:23+00:00;2026-03-10 21:23:51+00:00;42502;Haskell;153;1761;5834;15.98;0.09
Umi-OCR;2022-03-28 04:01:46+00:00;2026-03-10 22:14:35+00:00;42487;Python;31;58;1443;3.95;0.05
git-flight-rules;2014-07-22 20:35:09+00:00;2026-03-10 17:44:24+00:00;42481;;0;226;4249;11.64;0.24
exo;2024-06-24 18:36:22+00:00;2026-03-10 18:50:13+00:00;42438;Python;13;615;624;1.71;0.19
Alamofire;2014-07-31 05:56:19+00:00;2026-03-10 17:44:39+00:00;42354;Swift;104;664;4240;11.62;0.24
Files;2019-01-04 18:19:14+00:00;2026-03-10 21:57:15+00:00;42350;C#;131;5521;2622;7.18;0.06
ailearning;2017-02-25 08:53:02+00:00;2026-03-10 13:55:38+00:00;42109;Python;2;478;3300;9.04;0.4
chatgpt-on-wechat;2022-08-07 08:33:41+00:00;2026-03-10 18:14:02+00:00;42101;Python;66;290;1311;3.59;0.22
zod;2020-03-07 20:59:08+00:00;2026-03-10 21:56:32+00:00;42079;TypeScript;201;975;2194;6.01;0.06
diagrams;2020-02-02 15:23:24+00:00;2026-03-10 17:45:11+00:00;42058;Python;46;341;2228;6.1;0.24
fd;2017-05-09 21:27:10+00:00;2026-03-10 22:25:54+00:00;42043;Rust;44;714;3227;8.84;0.04
gradio;2018-12-19 08:24:04+00:00;2026-03-10 23:02:56+00:00;41986;Python;1000;5364;2638;7.23;0.02
full-stack-fastapi-template;2019-02-23 15:08:34+00:00;2026-03-10 22:07:59+00:00;41945;TypeScript;12;622;2572;7.05;0.05
swiper;2012-03-14 19:11:45+00:00;2026-03-10 20:42:57+00:00;41804;JavaScript;94;619;5109;14.0;0.11
DeepSpeed;2020-01-23 18:35:18+00:00;2026-03-10 19:38:41+00:00;41786;Python;107;2949;2238;6.13;0.16
aider;2023-05-09 18:57:49+00:00;2026-03-10 21:43:24+00:00;41778;Python;93;285;1036;2.84;0.07
siyuan;2020-08-30 09:21:35+00:00;2026-03-10 22:41:19+00:00;41771;TypeScript;879;704;2018;5.53;0.03
ray;2016-10-25 19:38:30+00:00;2026-03-10 21:22:33+00:00;41737;Python;122;30128;3423;9.38;0.09
dubbo;2012-06-19 07:56:02+00:00;2026-03-10 20:42:56+00:00;41709;Java;113;6023;5012;13.73;0.11
English-level-up-tips;2017-05-30 07:18:52+00:00;2026-03-10 17:54:30+00:00;41690;;0;26;3206;8.78;0.23
bruno;2022-09-27 20:51:45+00:00;2026-03-10 22:49:25+00:00;41630;JavaScript;160;2067;1260;3.45;0.03
nw.js;2012-01-04 06:21:10+00:00;2026-03-10 16:57:22+00:00;41570;JavaScript;0;576;5179;14.19;0.27
yarn;2016-01-19 17:39:16+00:00;2026-03-08 14:23:29+00:00;41532;JavaScript;153;1655;3703;10.15;2.38
logseq;2020-05-23 00:06:06+00:00;2026-03-10 21:16:39+00:00;41526;Clojure;152;3133;2117;5.8;0.09
Win11Debloat;2020-10-27 22:26:59+00:00;2026-03-10 22:40:29+00:00;41515;PowerShell;25;66;1960;5.37;0.03
system-design;2022-08-15 18:59:54+00:00;2026-03-10 17:30:59+00:00;41484;;0;12;1303;3.57;0.25
uni-app;2018-07-12 08:52:39+00:00;2026-03-10 20:00:12+00:00;41445;JavaScript;0;555;2798;7.67;0.14
black;2018-03-14 19:54:45+00:00;2026-03-10 17:20:04+00:00;41427;Python;52;1734;2918;7.99;0.25
pure-bash-bible;2018-06-13 01:39:33+00:00;2026-03-10 09:33:21+00:00;41412;Shell;0;28;2827;7.75;0.58
ColossalAI;2021-10-28 16:19:44+00:00;2026-03-10 12:29:51+00:00;41359;Python;50;3705;1594;4.37;0.46
hexo;2012-09-23 15:17:08+00:00;2026-03-10 14:44:49+00:00;41295;TypeScript;117;975;4916;13.47;0.36
ccxt;2017-05-14 15:41:56+00:00;2026-03-10 18:43:03+00:00;41278;Python;216;14225;3222;8.83;0.2
ChatGLM-6B;2023-03-13 12:00:18+00:00;2026-03-10 16:09:22+00:00;41229;Python;0;49;1093;2.99;0.3
curl;2010-03-18 22:32:22+00:00;2026-03-10 20:44:22+00:00;41196;C;94;203;5836;15.99;0.11
cherry-studio;2024-05-24 01:56:26+00:00;2026-03-10 20:02:07+00:00;41190;TypeScript;246;3049;655;1.79;0.14
vue2-elm;2016-12-23 01:49:20+00:00;2026-03-10 05:46:06+00:00;41161;Vue;0;21;3364;9.22;0.74
fastlane;2014-12-02 17:00:38+00:00;2026-03-10 19:03:23+00:00;41147;Ruby;560;6344;4116;11.28;0.18
payload;2021-01-05 18:49:45+00:00;2026-03-10 23:02:22+00:00;41111;TypeScript;559;6770;1890;5.18;0.02
hyperswitch;2022-10-17 11:18:28+00:00;2026-03-10 20:49:49+00:00;41087;Rust;152;6547;1240;3.4;0.11
cheat.sh;2017-05-07 21:40:56+00:00;2026-03-10 18:04:06+00:00;41069;Python;0;129;3229;8.85;0.22
styled-components;2016-08-16 06:41:32+00:00;2026-03-10 19:58:57+00:00;41028;TypeScript;189;995;3493;9.57;0.14
vuetify;2016-09-12 00:39:35+00:00;2026-03-10 20:06:04+00:00;40988;TypeScript;641;4667;3466;9.5;0.14
jan;2023-08-17 02:17:10+00:00;2026-03-10 23:00:35+00:00;40927;TypeScript;97;3462;936;2.56;0.02
minimind;2024-07-27 04:34:12+00:00;2026-03-10 21:47:43+00:00;40887;Python;2;9;591;1.62;0.07
tabler;2018-02-01 09:08:59+00:00;2026-03-10 22:00:29+00:00;40830;HTML;51;787;2959;8.11;0.06
WeChatMsg;2023-01-11 05:03:49+00:00;2026-03-10 15:35:52+00:00;40625;;0;62;1154;3.16;0.33
desktop;2024-03-28 00:05:55+00:00;2026-03-10 21:01:48+00:00;40583;JavaScript;155;793;712;1.95;0.1
bubbletea;2020-01-10 21:04:03+00:00;2026-03-10 22:22:42+00:00;40532;Go;73;676;2251;6.17;0.04
cal.com;2021-03-22 13:47:42+00:00;2026-03-10 21:17:11+00:00;40524;TypeScript;611;12920;1814;4.97;0.09
50projects50days;2020-11-16 14:39:01+00:00;2026-03-10 18:17:45+00:00;40480;CSS;0;44;1940;5.32;0.21
data-engineer-handbook;2023-11-19 19:47:41+00:00;2026-03-10 22:56:07+00:00;40467;Jupyter Notebook;0;177;842;2.31;0.02
daisyui;2020-11-28 22:57:27+00:00;2026-03-10 14:44:09+00:00;40452;Svelte;184;528;1928;5.28;0.36
chakra-ui;2019-08-17 14:27:54+00:00;2026-03-10 20:44:03+00:00;40411;TypeScript;1000;2929;2397;6.57;0.11
twenty;2022-12-01 13:04:40+00:00;2026-03-10 22:58:51+00:00;40351;JavaScript;59;10188;1195;3.27;0.02
zju-icicles;2016-06-28 16:17:32+00:00;2026-03-10 22:12:50+00:00;40322;HTML;0;232;3542;9.7;0.05
HEU_KMS_Activator;2019-06-23 00:49:35+00:00;2026-03-10 18:45:27+00:00;40292;;49;0;2452;6.72;0.2
aria2;2010-11-27 09:41:48+00:00;2026-03-10 21:38:55+00:00;40243;C++;24;256;5582;15.29;0.08
wrk;2012-03-20 11:12:28+00:00;2026-03-10 20:03:13+00:00;40120;C;0;0;5103;13.98;0.14
remote-jobs;2015-10-13 03:49:25+00:00;2026-03-10 21:59:30+00:00;40080;Nunjucks;0;1374;3801;10.41;0.06
php-src;2011-06-16 01:52:25+00:00;2026-03-10 23:06:32+00:00;40056;C;42;4801;5381;14.74;0.01
BMAD-METHOD;2025-04-13 14:54:25+00:00;2026-03-10 22:43:56+00:00;40035;JavaScript;24;411;331;0.91;0.03
vim;2015-08-18 21:03:56+00:00;2026-03-10 22:57:21+00:00;39985;Vim Script;0;440;3857;10.57;0.02
tidb;2015-09-06 04:01:52+00:00;2026-03-10 22:49:43+00:00;39933;Go;213;34670;3838;10.52;0.03
bert;2018-10-25 22:57:34+00:00;2026-03-10 15:22:34+00:00;39901;Python;0;32;2693;7.38;0.34
esbuild;2016-06-14 16:08:50+00:00;2026-03-10 20:44:06+00:00;39879;Go;309;258;3556;9.74;0.11
puter;2024-03-03 01:44:32+00:00;2026-03-10 21:09:33+00:00;39864;JavaScript;8;1339;737;2.02;0.1
gorm;2013-10-25 08:31:38+00:00;2026-03-10 20:44:10+00:00;39720;Go;11;775;4519;12.38;0.11
trpc;2020-07-18 01:17:11+00:00;2026-03-10 22:59:26+00:00;39713;TypeScript;231;3854;2061;5.65;0.02
free;2020-06-07 02:48:33+00:00;2026-03-10 18:37:12+00:00;39702;;0;0;2102;5.76;0.2
Fabric;2024-01-03 23:18:31+00:00;2026-03-10 22:32:28+00:00;39623;Go;387;605;797;2.18;0.04
ui-ux-pro-max-skill;2025-11-30 11:36:31+00:00;2026-03-10 23:07:31+00:00;39565;Python;17;64;100;0.27;0.01
video.js;2010-05-14 18:45:10+00:00;2026-03-10 21:23:28+00:00;39519;JavaScript;334;1819;5779;15.83;0.09
photoprism;2018-01-27 12:00:15+00:00;2026-03-10 21:29:52+00:00;39496;Go;80;887;2964;8.12;0.08
Deep-Learning-Papers-Reading-Roadmap;2016-10-14 11:49:48+00:00;2026-03-10 04:34:38+00:00;39480;Python;0;28;3434;9.41;0.79
FastChat;2023-03-19 00:18:02+00:00;2026-03-10 13:27:14+00:00;39419;Python;14;852;1087;2.98;0.42
fiber;2020-01-16 03:59:20+00:00;2026-03-10 19:38:10+00:00;39359;Go;135;2118;2245;6.15;0.16
appsmith;2020-06-30 04:07:36+00:00;2026-03-10 21:31:48+00:00;39356;TypeScript;302;14092;2079;5.7;0.08
faiss;2017-02-07 16:07:05+00:00;2026-03-10 21:46:58+00:00;39321;C++;25;137;3318;9.09;0.07
Awesome-Design-Tools;2019-02-12 13:55:30+00:00;2026-03-10 21:27:08+00:00;39241;JavaScript;0;283;2583;7.08;0.08
phaser;2013-04-12 12:27:51+00:00;2026-03-10 22:04:57+00:00;39155;JavaScript;173;1734;4715;12.92;0.06
materialize;2014-09-12 19:35:38+00:00;2026-03-10 15:00:26+00:00;39126;JavaScript;41;449;4197;11.5;0.35
Mole;2025-09-23 06:38:40+00:00;2026-03-10 22:37:15+00:00;39102;Shell;29;127;168;0.46;0.03
styleguide;2015-05-20 19:18:59+00:00;2026-03-10 10:45:12+00:00;39089;HTML;0;197;3947;10.81;0.53
shellcheck;2012-11-17 03:15:11+00:00;2026-03-10 20:54:13+00:00;39083;Haskell;30;331;4861;13.32;0.11
cobalt;2022-07-08 18:12:55+00:00;2026-03-10 22:43:19+00:00;39063;Svelte;0;249;1341;3.67;0.03
remotion;2020-06-23 19:49:10+00:00;2026-03-10 23:05:27+00:00;39050;TypeScript;596;4202;2086;5.72;0.02
bark;2023-04-07 19:34:48+00:00;2026-03-10 22:12:50+00:00;39042;Jupyter Notebook;0;19;1068;2.93;0.05
data-engineering-zoomcamp;2021-10-21 09:32:50+00:00;2026-03-10 22:29:13+00:00;39006;Jupyter Notebook;0;454;1601;4.39;0.04
quivr;2023-05-12 23:53:30+00:00;2026-03-10 21:44:17+00:00;38981;Python;354;1824;1032;2.83;0.07
lossless-cut;2016-10-30 10:49:56+00:00;2026-03-10 21:21:10+00:00;38920;TypeScript;105;223;3418;9.36;0.09
ChatTTS;2024-05-27 18:26:49+00:00;2026-03-10 22:45:43+00:00;38903;Python;6;220;652;1.79;0.03
leveldb;2014-08-27 21:17:52+00:00;2026-03-10 19:38:55+00:00;38888;C++;21;64;4213;11.54;0.16
chatbox;2023-03-06 12:22:15+00:00;2026-03-10 20:51:25+00:00;38871;TypeScript;52;0;1100;3.01;0.11
oh-my-openagent;2025-12-03 01:40:05+00:00;2026-03-10 23:05:27+00:00;38815;TypeScript;150;657;97;0.27;0.02
nushell;2019-05-10 16:59:42+00:00;2026-03-10 22:54:10+00:00;38739;Rust;117;8487;2496;6.84;0.02
novu;2021-08-26 15:22:44+00:00;2026-03-10 22:59:32+00:00;38680;TypeScript;108;6896;1657;4.54;0.02
mindsdb;2018-08-02 17:56:45+00:00;2026-03-10 22:38:26+00:00;38667;Python;337;5787;2777;7.61;0.03
devdocs;2013-10-24 18:16:07+00:00;2026-03-10 21:15:18+00:00;38591;Ruby;0;982;4520;12.38;0.09
qlib;2020-08-14 06:46:00+00:00;2026-03-10 22:38:29+00:00;38577;Python;23;751;2034;5.57;0.03
agno;2022-05-04 15:23:02+00:00;2026-03-10 23:03:56+00:00;38568;Python;174;2917;1406;3.85;0.02
litellm;2023-07-27 00:09:52+00:00;2026-03-10 23:07:58+00:00;38529;Python;1000;9904;957;2.62;0.01
impress.js;2011-12-28 22:23:19+00:00;2026-03-10 21:10:54+00:00;38516;JavaScript;15;124;5186;14.21;0.09
preact;2015-09-11 02:40:18+00:00;2026-03-10 19:32:07+00:00;38466;JavaScript;241;1994;3833;10.5;0.16
awesome-cursorrules;2024-09-16 15:38:38+00:00;2026-03-10 22:58:32+00:00;38373;MDX;0;70;540;1.48;0.02
googletest;2015-07-28 15:07:53+00:00;2026-03-10 21:45:48+00:00;38320;C++;11;813;3878;10.62;0.07
python-cheatsheet;2018-01-25 04:16:53+00:00;2026-03-10 22:08:07+00:00;38275;Python;0;0;2966;8.13;0.05
MPAndroidChart;2014-04-25 14:29:47+00:00;2026-03-10 09:48:07+00:00;38227;Java;44;191;4337;11.88;0.57
istio;2016-11-18 23:57:21+00:00;2026-03-10 20:44:14+00:00;38147;Go;426;29490;3398;9.31;0.11
lapce;2018-02-06 08:41:06+00:00;2026-03-10 22:53:34+00:00;38124;Rust;35;1177;2954;8.09;0.02
halo;2018-03-21 12:56:52+00:00;2026-03-10 22:44:41+00:00;38065;Java;251;2960;2911;7.98;0.03
insomnia;2016-04-23 03:54:26+00:00;2026-03-10 22:10:09+00:00;38031;TypeScript;547;3753;3608;9.88;0.05
ant-design-pro;2017-08-25 10:40:44+00:00;2026-03-10 20:09:02+00:00;37989;TypeScript;26;1025;3119;8.55;0.14
tesseract.js;2015-06-24 02:49:52+00:00;2026-03-10 20:30:40+00:00;37912;JavaScript;57;204;3912;10.72;0.12
BettaFish;2024-07-01 13:11:38+00:00;2026-03-10 23:01:41+00:00;37857;Python;6;105;617;1.69;0.02
aspnetcore;2014-03-11 06:09:42+00:00;2026-03-10 20:49:02+00:00;37771;C#;279;18628;4382;12.01;0.11
wtfjs;2017-07-14 15:42:12+00:00;2026-03-10 21:13:28+00:00;37735;JavaScript;25;125;3161;8.66;0.09
metasploit-framework;2011-08-30 06:13:20+00:00;2026-03-10 21:42:34+00:00;37681;Ruby;0;11670;5306;14.54;0.07
polars;2020-05-13 19:45:33+00:00;2026-03-10 19:55:18+00:00;37680;Rust;248;12760;2127;5.83;0.15
cli;2012-02-25 12:39:13+00:00;2026-03-10 20:42:12+00:00;37672;Python;47;406;5127;14.05;0.11
freecodecamp.cn;2016-09-30 03:13:43+00:00;2026-03-10 15:13:56+00:00;37638;CSS;0;55;3448;9.45;0.34
ToolJet;2021-03-30 08:51:34+00:00;2026-03-10 23:07:04+00:00;37584;JavaScript;456;7778;1806;4.95;0.01
interview;2018-02-09 09:49:48+00:00;2026-03-10 18:45:05+00:00;37583;C++;0;36;2951;8.08;0.2
Folo;2024-04-08 03:23:35+00:00;2026-03-10 22:38:36+00:00;37580;TypeScript;93;1436;701;1.92;0.03
v;2019-02-08 02:57:06+00:00;2026-03-10 22:18:51+00:00;37538;V;303;13090;2587;7.09;0.05
outline;2016-05-22 21:31:47+00:00;2026-03-10 22:38:24+00:00;37530;TypeScript;157;4180;3579;9.81;0.03
it-tools;2020-04-05 11:50:24+00:00;2026-03-10 20:45:55+00:00;37506;Vue;10;493;2165;5.93;0.11
NewPipe;2015-09-03 23:39:26+00:00;2026-03-10 22:55:19+00:00;37480;Java;141;1798;3840;10.52;0.02
vnpy;2015-03-02 03:36:58+00:00;2026-03-10 22:26:47+00:00;37470;Python;66;1063;4026;11.03;0.04
Langchain-Chatchat;2023-03-31 12:12:45+00:00;2026-03-10 20:15:22+00:00;37465;Python;31;621;1075;2.95;0.13
Open-Assistant;2022-12-13 05:24:17+00:00;2026-03-10 17:45:19+00:00;37439;Python;127;1616;1183;3.24;0.24
google-research;2018-10-04 18:42:48+00:00;2026-03-10 18:18:30+00:00;37426;Jupyter Notebook;0;29;2714;7.44;0.21
GFPGAN;2021-03-19 06:18:20+00:00;2026-03-10 11:26:06+00:00;37394;Python;8;14;1817;4.98;0.5
engineering-blogs;2015-06-13 18:25:17+00:00;2026-03-10 22:57:04+00:00;37370;Ruby;0;681;3923;10.75;0.02
tutorials;2013-04-29 18:26:36+00:00;2026-03-10 21:01:14+00:00;37354;Java;0;13725;4698;12.87;0.1
taro;2018-04-08 09:32:26+00:00;2026-03-10 14:29:22+00:00;37344;TypeScript;207;3465;2893;7.93;0.37
llvm-project;2016-12-07 09:39:33+00:00;2026-03-10 22:38:10+00:00;37310;LLVM;149;75975;3380;9.26;0.03
spacedrive;2021-09-27 05:09:04+00:00;2026-03-10 20:31:51+00:00;37289;Rust;28;1957;1625;4.45;0.12
paperless-ngx;2022-02-12 21:56:52+00:00;2026-03-10 22:23:19+00:00;37263;Python;143;3020;1487;4.07;0.04
deeplearningbook-chinese;2016-12-07 11:46:51+00:00;2026-03-10 15:42:51+00:00;37209;TeX;7;16;3380;9.26;0.32
interview_internal_reference;2019-06-10 06:54:19+00:00;2026-03-10 14:57:19+00:00;37204;Python;0;35;2465;6.75;0.35
compose;2013-12-09 11:40:58+00:00;2026-03-10 22:44:35+00:00;37203;Go;275;3756;4474;12.26;0.03
arthas;2018-08-29 17:15:57+00:00;2026-03-10 23:04:31+00:00;37163;Java;69;582;2750;7.53;0.02
manim;2020-05-19 02:37:13+00:00;2026-03-10 22:45:21+00:00;37143;Python;33;2042;2121;5.81;0.03
RevokeMsgPatcher;2019-07-21 15:12:52+00:00;2026-03-10 16:17:05+00:00;37091;C#;21;12;2424;6.64;0.3
gym;2016-04-27 14:59:16+00:00;2026-03-10 20:49:45+00:00;37080;Python;19;999;3604;9.87;0.11
stats;2019-05-29 19:24:56+00:00;2026-03-10 21:02:33+00:00;36924;Swift;323;433;2477;6.79;0.1
wtfpython;2017-08-28 20:22:19+00:00;2026-03-10 09:45:26+00:00;36920;Python;2;113;3116;8.54;0.57
JavaFamily;2019-11-12 04:26:18+00:00;2026-03-10 14:09:36+00:00;36904;;0;2;2310;6.33;0.39
MockingBird;2021-08-07 03:53:39+00:00;2026-03-10 16:11:46+00:00;36878;Python;1;82;1676;4.59;0.3
drawdb;2023-07-16 17:09:20+00:00;2026-03-10 21:56:49+00:00;36855;JavaScript;0;351;968;2.65;0.06
docs;2024-05-07 16:49:36+00:00;2026-03-10 13:24:21+00:00;36817;MDX;0;407;672;1.84;0.42
REKCARC-TSC-UHT;2019-04-05 03:31:23+00:00;2026-03-10 12:01:15+00:00;36806;HTML;0;175;2531;6.93;0.48
portainer;2016-05-19 20:15:28+00:00;2026-03-10 22:44:14+00:00;36805;TypeScript;176;4785;3582;9.81;0.03
sqlmap;2012-06-26 09:52:15+00:00;2026-03-10 21:56:20+00:00;36800;Python;11;180;5005;13.71;0.06
node;2024-05-13 23:20:40+00:00;2026-03-10 13:24:23+00:00;36767;Shell;6;36;666;1.82;0.42
gkd;2023-07-04 03:59:15+00:00;2026-03-10 19:16:30+00:00;36709;Kotlin;64;10;980;2.68;0.17
shadowsocks-android;2012-12-16 13:40:29+00:00;2026-03-10 05:32:29+00:00;36689;Kotlin;186;258;4832;13.24;0.75
ink-kit;2024-11-04 16:32:17+00:00;2026-03-10 13:24:22+00:00;36673;TypeScript;0;91;491;1.35;0.42
supervision;2022-11-28 14:08:44+00:00;2026-03-10 21:50:52+00:00;36670;Python;35;1130;1198;3.28;0.07
marked;2011-07-24 13:15:51+00:00;2026-03-10 15:42:52+00:00;36641;TypeScript;166;1644;5343;14.64;0.32
awesome-shell;2014-07-07 01:57:42+00:00;2026-03-10 22:58:49+00:00;36617;;0;307;4264;11.68;0.02
og-aws;2016-07-13 17:30:16+00:00;2026-03-10 15:53:41+00:00;36591;Shell;0;498;3527;9.66;0.31
react-bits;2024-08-06 06:54:54+00:00;2026-03-10 23:00:21+00:00;36590;JavaScript;0;157;581;1.59;0.02
duckdb;2018-06-26 15:04:45+00:00;2026-03-10 23:05:55+00:00;36546;C++;57;9657;2814;7.71;0.01
GPT_API_free;2023-04-23 12:42:08+00:00;2026-03-10 20:39:05+00:00;36528;Python;0;1;1052;2.88;0.12
date-fns;2014-10-06 10:24:22+00:00;2026-03-10 10:34:26+00:00;36510;TypeScript;122;1068;4173;11.43;0.54
pytorch-image-models;2019-02-02 05:51:12+00:00;2026-03-10 18:12:59+00:00;36471;Python;75;526;2593;7.1;0.22
LLM101n;2024-05-27 00:23:38+00:00;2026-03-10 21:18:29+00:00;36458;;0;0;652;1.79;0.09
Coursera-ML-AndrewNg-Notes;2017-11-04 10:04:08+00:00;2026-03-10 16:59:18+00:00;36443;HTML;0;14;3048;8.35;0.27
typeorm;2016-02-29 07:41:14+00:00;2026-03-10 22:47:05+00:00;36376;TypeScript;40;2436;3662;10.03;0.03
headscale;2020-06-21 09:21:05+00:00;2026-03-10 22:38:28+00:00;36288;Go;132;1233;2088;5.72;0.03
sheetjs;2012-12-03 19:25:52+00:00;2026-03-10 23:05:00+00:00;36205;;0;106;4845;13.27;0.02
HanLP;2014-10-09 06:36:16+00:00;2026-03-10 22:19:46+00:00;36185;Python;62;79;4170;11.42;0.05
slate;2013-09-13 22:15:24+00:00;2026-03-10 19:52:55+00:00;36158;;28;298;4561;12.5;0.15
955.WLB;2019-03-27 23:53:37+00:00;2026-03-10 19:59:56+00:00;36152;;0;18;2539;6.96;0.14
lerna;2015-12-04 09:36:55+00:00;2026-03-10 17:39:51+00:00;36090;TypeScript;249;1026;3749;10.27;0.24
OpenVoice;2023-11-29 12:17:01+00:00;2026-03-10 18:18:20+00:00;36060;Python;0;18;832;2.28;0.21
aseprite;2014-08-19 23:44:50+00:00;2026-03-10 20:32:38+00:00;36027;C++;123;483;4220;11.56;0.12
hello-algorithm;2020-05-29 05:47:09+00:00;2026-03-10 11:31:16+00:00;36020;Java;0;26;2111;5.78;0.5
carbon;2017-06-16 02:50:28+00:00;2026-03-10 16:37:40+00:00;35976;JavaScript;215;669;3189;8.74;0.28
DragGAN;2023-05-18 10:08:02+00:00;2026-03-10 20:57:37+00:00;35965;Python;0;18;1027;2.81;0.1
servo;2012-02-08 19:07:25+00:00;2026-03-10 23:05:09+00:00;35935;Rust;5;23146;5144;14.09;0.02
qBittorrent;2012-02-04 09:37:46+00:00;2026-03-10 22:50:13+00:00;35899;C++;0;4133;5148;14.1;0.03
manifesto;2023-08-13 16:17:24+00:00;2026-03-10 06:36:17+00:00;35888;HTML;0;765;940;2.58;0.7
awesome-deepseek-integration;2024-01-11 02:43:17+00:00;2026-03-10 22:38:35+00:00;35861;;0;289;789;2.16;0.03
ShareX;2013-10-08 23:32:10+00:00;2026-03-10 21:54:56+00:00;35835;C#;85;774;4535;12.42;0.06
AgentGPT;2023-04-07 02:29:19+00:00;2026-03-10 15:48:23+00:00;35794;TypeScript;12;541;1068;2.93;0.32
fastify;2016-09-28 19:10:14+00:00;2026-03-10 20:02:27+00:00;35779;JavaScript;309;3280;3450;9.45;0.14
mattermost;2015-06-15 06:50:02+00:00;2026-03-10 21:16:44+00:00;35751;TypeScript;937;20582;3921;10.74;0.09
leetcode;2018-09-16 14:03:03+00:00;2026-03-10 20:00:20+00:00;35744;Java;21;4471;2732;7.48;0.14
koa;2013-07-20 18:53:45+00:00;2026-03-10 22:00:28+00:00;35742;JavaScript;16;541;4616;12.65;0.06
Xray-core;2020-11-09 11:23:10+00:00;2026-03-10 22:14:19+00:00;35725;Go;106;1221;1947;5.33;0.05
ruoyi-vue-pro;2021-01-24 03:18:25+00:00;2026-03-10 16:50:26+00:00;35721;Java;54;73;1871;5.13;0.28
reactive-resume;2020-03-25 14:08:22+00:00;2026-03-10 21:59:01+00:00;35666;TypeScript;110;733;2176;5.96;0.06
linux-command;2016-11-12 15:44:26+00:00;2026-03-10 16:00:32+00:00;35641;Markdown;32;370;3405;9.33;0.31
awesome-docker;2014-09-21 17:01:48+00:00;2026-03-10 22:35:02+00:00;35637;Makefile;1;997;4188;11.47;0.04
awesome-react-native;2015-03-26 19:58:06+00:00;2026-03-10 19:59:30+00:00;35623;JavaScript;0;912;4002;10.96;0.14
umami;2020-07-17 07:59:00+00:00;2026-03-10 21:35:50+00:00;35613;TypeScript;106;874;2062;5.65;0.08
lottie-android;2016-10-06 22:42:42+00:00;2026-03-10 13:12:17+00:00;35599;Java;63;720;3442;9.43;0.43
vim-plug;2013-09-10 14:58:51+00:00;2026-03-10 16:17:13+00:00;35578;Vim Script;8;179;4564;12.5;0.3
xyflow;2019-07-15 14:47:30+00:00;2026-03-10 20:44:50+00:00;35575;TypeScript;369;1468;2430;6.66;0.11
tiptap;2018-08-20 19:58:58+00:00;2026-03-10 22:39:21+00:00;35554;TypeScript;951;1507;2759;7.56;0.03
fullPage.js;2013-09-20 11:58:29+00:00;2026-03-10 11:36:17+00:00;35487;JavaScript;109;327;4554;12.48;0.49
ink;2017-06-12 06:12:28+00:00;2026-03-10 20:45:28+00:00;35485;TypeScript;72;293;3193;8.75;0.11
solid;2018-04-24 16:36:27+00:00;2026-03-10 22:19:54+00:00;35379;TypeScript;36;395;2877;7.88;0.05
nativefier;2015-07-05 05:56:42+00:00;2026-03-10 18:19:01+00:00;35360;TypeScript;99;261;3901;10.69;0.21
worldmonitor;2026-01-08 17:26:06+00:00;2026-03-10 22:56:53+00:00;35321;TypeScript;43;896;61;0.17;0.02
dioxus;2021-01-15 01:57:26+00:00;2026-03-10 20:22:49+00:00;35227;Rust;33;1971;1880;5.15;0.13
hackathon-starter;2013-11-13 17:24:12+00:00;2026-03-10 17:48:46+00:00;35216;JavaScript;18;456;4500;12.33;0.23
vault;2015-02-25 00:15:59+00:00;2026-03-10 21:07:26+00:00;35186;Go;176;21325;4031;11.04;0.1
the-way-to-go_ZH_CN;2013-03-24 17:18:38+00:00;2026-03-10 13:43:49+00:00;35158;Go;0;592;4734;12.97;0.41
Sunshine;2021-12-15 23:38:57+00:00;2026-03-10 23:02:43+00:00;35120;C++;45;1739;1545;4.23;0.02
rufus;2011-11-19 19:12:05+00:00;2026-03-10 20:19:37+00:00;35049;C;88;1;5225;14.32;0.13
jax;2018-10-25 21:25:02+00:00;2026-03-10 23:01:50+00:00;35044;Python;134;17874;2693;7.38;0.02
glide;2013-07-08 22:52:33+00:00;2026-03-10 05:32:37+00:00;35036;Java;54;605;4628;12.68;0.75
zsh-autosuggestions;2013-10-26 16:09:37+00:00;2026-03-10 22:17:01+00:00;34985;Shell;0;116;4518;12.38;0.05
Trilium;2017-05-23 00:30:20+00:00;2026-03-10 20:32:28+00:00;34980;TypeScript;349;1841;3213;8.8;0.12
HowToLiveLonger;2022-04-16 04:15:18+00:00;2026-03-10 12:38:18+00:00;34971;;0;14;1424;3.9;0.45
awesome-javascript;2014-07-01 15:59:02+00:00;2026-03-10 22:37:54+00:00;34922;;0;404;4270;11.7;0.03
husky;2014-06-23 12:14:21+00:00;2026-03-10 21:31:38+00:00;34853;JavaScript;80;262;4278;11.72;0.08
netty;2010-11-09 09:22:21+00:00;2026-03-10 22:14:13+00:00;34843;Java;0;5077;5600;15.34;0.05
Python;2011-11-30 09:04:08+00:00;2026-03-10 19:18:35+00:00;34814;Python;0;2017;5214;14.28;0.17
jieba;2012-09-29 07:52:01+00:00;2026-03-10 13:50:28+00:00;34791;Python;9;96;4910;13.45;0.4
caffe;2013-09-12 18:39:48+00:00;2026-03-10 12:40:09+00:00;34773;C++;14;1087;4562;12.5;0.45
Retrieval-based-Voice-Conversion-WebUI;2023-03-27 09:59:10+00:00;2026-03-10 16:02:55+00:00;34743;Python;7;477;1079;2.96;0.31
Hello-Python;2022-08-03 17:14:53+00:00;2026-03-10 22:56:08+00:00;34736;Python;0;0;1315;3.6;0.02
awesome-system-design-resources;2023-10-25 01:50:42+00:00;2026-03-10 23:02:18+00:00;34734;Java;0;3;867;2.38;0.02
textual;2021-04-08 15:24:47+00:00;2026-03-10 22:35:45+00:00;34730;Python;214;2286;1797;4.92;0.04
How-To-Ask-Questions-The-Smart-Way;2015-03-28 16:52:40+00:00;2026-03-10 16:40:46+00:00;34684;JavaScript;0;98;4000;10.96;0.28
claude-cookbooks;2023-08-15 20:23:51+00:00;2026-03-10 22:59:50+00:00;34648;Jupyter Notebook;0;148;938;2.57;0.02
bulletproof-react;2021-05-30 14:47:16+00:00;2026-03-10 21:12:11+00:00;34614;TypeScript;0;70;1745;4.78;0.09
Real-ESRGAN;2021-07-19 03:23:30+00:00;2026-03-10 21:52:05+00:00;34586;Python;10;21;1695;4.64;0.07
framework;2013-01-10 21:27:28+00:00;2026-03-10 22:18:25+00:00;34573;PHP;913;17587;4807;13.17;0.05
langextract;2025-07-08 20:46:06+00:00;2026-03-10 23:04:18+00:00;34547;Python;12;78;245;0.67;0.02
LibreChat;2023-02-12 01:06:52+00:00;2026-03-10 22:58:54+00:00;34509;TypeScript;82;2924;1122;3.07;0.02
awesome-cto;2016-12-16 19:22:18+00:00;2026-03-10 22:38:24+00:00;34483;;0;18;3371;9.24;0.03
awesome-openclaw-skills;2026-01-25 09:22:32+00:00;2026-03-10 23:05:24+00:00;34458;;0;71;44;0.12;0.02
Hyprland;2022-03-16 19:49:13+00:00;2026-03-10 22:50:56+00:00;34455;C++;108;2302;1455;3.99;0.03
directus;2012-12-12 01:35:36+00:00;2026-03-10 22:22:41+00:00;34440;TypeScript;358;8567;4836;13.25;0.04
formik;2017-06-14 19:50:59+00:00;2026-03-10 20:01:56+00:00;34385;TypeScript;200;836;3191;8.74;0.14
poetry;2018-02-28 15:23:47+00:00;2026-03-10 20:43:59+00:00;34372;Python;147;2428;2932;8.03;0.11
mpv;2012-10-13 08:08:44+00:00;2026-03-10 21:28:32+00:00;34370;C;88;3800;4896;13.41;0.08
gold-miner;2015-11-04 03:29:13+00:00;2026-03-10 05:32:40+00:00;34347;;0;3563;3779;10.35;0.75
zoxide;2020-03-05 13:11:40+00:00;2026-03-10 22:51:30+00:00;34345;Rust;37;247;2196;6.02;0.02
croc;2017-10-17 15:20:18+00:00;2026-03-10 20:58:15+00:00;34344;Go;182;287;3066;8.4;0.1
pnpm;2016-01-28 07:40:43+00:00;2026-03-10 23:07:13+00:00;34342;TypeScript;1000;3038;3694;10.12;0.01
node-v0.x-archive;2009-05-27 16:29:46+00:00;2026-03-10 11:39:19+00:00;34339;;0;218;6131;16.8;0.49
server;2016-06-02 07:44:14+00:00;2026-03-10 22:36:07+00:00;34295;PHP;405;30998;3568;9.78;0.04
CyberChef;2016-11-28 10:34:07+00:00;2026-03-10 22:17:33+00:00;34255;JavaScript;451;565;3389;9.28;0.05
RuView;2025-06-07 04:32:30+00:00;2026-03-10 23:09:15+00:00;34253;Rust;10;36;276;0.76;0.01
TaskMatrix;2023-03-02 09:04:28+00:00;2026-03-10 08:30:45+00:00;34234;Python;0;21;1104;3.02;0.62
1Panel;2022-07-19 15:44:52+00:00;2026-03-10 22:38:31+00:00;34220;Go;110;4736;1330;3.64;0.03
refine;2021-01-20 12:01:32+00:00;2026-03-10 20:33:13+00:00;34201;TypeScript;1000;4656;1875;5.14;0.12
detectron2;2019-09-05 21:30:20+00:00;2026-03-10 15:58:58+00:00;34197;Python;10;0;2378;6.52;0.31
12306;2017-05-17 12:23:40+00:00;2026-03-10 19:22:24+00:00;34185;Python;1;31;3219;8.82;0.17
clipboard.js;2015-09-18 23:04:55+00:00;2026-03-09 02:56:53+00:00;34177;JavaScript;42;117;3826;10.48;1.85
Data-Science-For-Beginners;2021-03-03 16:30:15+00:00;2026-03-10 22:36:58+00:00;34176;Jupyter Notebook;0;455;1833;5.02;0.03
spring-boot-demo;2017-11-10 06:27:29+00:00;2026-03-10 19:09:49+00:00;34107;Java;0;15;3042;8.33;0.18
selenium;2013-01-14 21:40:56+00:00;2026-03-10 21:48:17+00:00;34104;Java;114;3658;4803;13.16;0.07
system_prompts_leaks;2025-05-03 02:43:56+00:00;2026-03-10 22:35:03+00:00;34103;HTML;0;20;311;0.85;0.04
JavaScript;2017-07-13 06:12:33+00:00;2026-03-10 21:40:56+00:00;34083;JavaScript;0;798;3162;8.66;0.07
mediapipe;2019-06-13 19:16:41+00:00;2026-03-10 15:50:00+00:00;34060;C++;64;201;2462;6.75;0.32
react-beautiful-dnd;2017-08-09 03:37:15+00:00;2026-03-10 19:39:38+00:00;34046;JavaScript;68;531;3135;8.59;0.16
anoma;2021-02-02 10:00:16+00:00;2026-03-10 13:36:08+00:00;34022;Elixir;12;897;1862;5.1;0.41
AnotherRedisDesktopManager;2019-01-08 06:01:56+00:00;2026-03-10 11:46:07+00:00;34016;JavaScript;53;152;2618;7.17;0.49
claude-mem;2025-08-31 20:50:03+00:00;2026-03-10 23:02:10+00:00;33985;TypeScript;212;213;191;0.52;0.02
nps;2018-11-04 13:22:51+00:00;2026-03-10 17:16:17+00:00;33944;Go;59;74;2683;7.35;0.26
jq;2012-07-18 19:57:25+00:00;2026-03-10 20:44:07+00:00;33927;C;15;685;4983;13.65;0.11
C-Plus-Plus;2016-07-16 10:19:45+00:00;2026-03-10 21:04:01+00:00;33917;C++;0;705;3524;9.65;0.1
zxing;2011-10-12 14:07:27+00:00;2026-03-10 03:48:57+00:00;33879;Java;32;345;5263;14.42;0.82
harness;2014-02-07 07:54:44+00:00;2026-03-10 15:47:38+00:00;33871;Go;55;1053;4414;12.09;0.32
Clone-Wars;2020-12-02 11:10:16+00:00;2026-03-10 16:21:28+00:00;33861;;0;130;1924;5.27;0.3
openpose;2017-04-24 14:06:31+00:00;2026-03-10 17:57:07+00:00;33847;C++;15;174;3242;8.88;0.23
LeetCode-Go;2017-07-18 00:06:14+00:00;2026-03-10 16:33:21+00:00;33816;Go;4;178;3157;8.65;0.29
gpt-pilot;2023-08-16 11:56:07+00:00;2026-03-10 13:29:37+00:00;33809;Python;0;396;937;2.57;0.41
filebrowser;2015-09-11 21:21:58+00:00;2026-03-10 22:51:35+00:00;33796;Go;130;771;3833;10.5;0.02
easyexcel;2018-02-06 03:14:08+00:00;2026-03-10 08:38:04+00:00;33765;Java;14;190;2954;8.09;0.62
yazi;2023-07-08 11:45:55+00:00;2026-03-10 21:03:13+00:00;33714;Rust;30;1134;976;2.67;0.1
ControlNet;2023-02-01 02:43:30+00:00;2026-03-10 15:48:23+00:00;33708;Python;0;5;1133;3.1;0.32
AndroidUtilCode;2016-07-30 18:18:32+00:00;2026-03-10 17:23:48+00:00;33707;Java;117;88;3510;9.62;0.25
AFNetworking;2011-05-31 21:28:44+00:00;2026-03-10 01:54:00+00:00;33684;Objective-C;40;710;5397;14.79;0.9
everyone-can-use-english;2019-03-15 16:33:53+00:00;2026-03-10 16:20:52+00:00;33679;TypeScript;48;462;2552;6.99;0.3
carbon-lang;2020-04-27 21:45:16+00:00;2026-03-10 21:36:26+00:00;33639;C++;608;5058;2143;5.87;0.08
shadowsocks;2012-04-20 13:10:49+00:00;2026-03-10 09:46:38+00:00;33631;Python;2;70;5072;13.9;0.57
XX-Net;2015-01-15 09:35:51+00:00;2026-03-10 11:53:53+00:00;33454;Python;390;363;4072;11.16;0.48
v2ray-core;2019-04-15 10:05:54+00:00;2026-03-10 21:51:45+00:00;33374;Go;122;985;2521;6.91;0.07
CasaOS;2021-09-26 02:33:09+00:00;2026-03-10 21:36:52+00:00;33372;Go;97;275;1626;4.45;0.08
libpku;2018-11-22 13:33:06+00:00;2026-03-10 18:08:47+00:00;33366;TeX;0;22;2665;7.3;0.22
khoj;2021-08-16 01:48:44+00:00;2026-03-10 22:56:06+00:00;33333;Python;170;487;1667;4.57;0.02
spaCy;2014-07-03 15:15:40+00:00;2026-03-10 21:35:44+00:00;33295;Python;133;3598;4268;11.69;0.08
swc;2017-12-22 11:40:14+00:00;2026-03-10 22:16:20+00:00;33289;Rust;780;5904;3000;8.22;0.05
awesome-awesomeness;2014-07-08 05:44:19+00:00;2026-03-10 20:28:16+00:00;33285;Ruby;0;197;4263;11.68;0.12
etcher;2015-10-27 16:53:23+00:00;2026-03-10 20:15:25+00:00;33266;TypeScript;289;1731;3787;10.38;0.13
keycloak;2013-07-02 13:38:51+00:00;2026-03-10 22:14:49+00:00;33240;Java;102;19305;4634;12.7;0.05
drizzle-orm;2021-06-24 09:03:05+00:00;2026-03-10 21:26:31+00:00;33214;TypeScript;170;661;1720;4.71;0.08
prompt-eng-interactive-tutorial;2024-04-02 15:52:00+00:00;2026-03-10 23:00:40+00:00;33208;Jupyter Notebook;0;1;707;1.94;0.02
learnGitBranching;2012-08-13 22:36:09+00:00;2026-03-10 18:43:42+00:00;33207;JavaScript;0;652;4957;13.58;0.2
UTM;2019-04-12 16:09:24+00:00;2026-03-10 22:49:21+00:00;33183;Swift;128;277;2524;6.92;0.03
wails;2018-12-15 23:14:06+00:00;2026-03-10 22:22:27+00:00;33174;Go;292;1690;2642;7.24;0.04
awesome-sysadmin;2014-12-23 08:41:22+00:00;2026-03-10 22:38:21+00:00;33165;;0;342;4095;11.22;0.03
ijkplayer;2013-06-03 04:12:04+00:00;2026-03-10 09:17:47+00:00;33122;C;0;35;4663;12.78;0.59
brackets;2011-12-07 21:14:40+00:00;2026-03-10 18:20:46+00:00;33106;JavaScript;69;4332;5207;14.27;0.21
immutable-js;2014-07-02 06:02:29+00:00;2026-03-10 19:40:03+00:00;33097;TypeScript;93;622;4269;11.7;0.16
chatbot-ui;2023-03-11 14:53:14+00:00;2026-03-10 10:58:40+00:00;33084;TypeScript;0;281;1095;3.0;0.52
shannon;2025-09-27 01:51:47+00:00;2026-03-10 23:09:05+00:00;33076;TypeScript;0;61;164;0.45;0.01
trivy;2019-04-11 01:01:07+00:00;2026-03-10 22:28:12+00:00;33059;Go;85;3500;2525;6.92;0.04
FlClash;2023-08-15 07:47:22+00:00;2026-03-10 22:53:11+00:00;33025;Dart;102;2;938;2.57;0.02
k9s;2019-01-25 18:46:02+00:00;2026-03-10 19:23:30+00:00;33023;Go;257;965;2601;7.13;0.17
gulp;2013-07-04 05:26:06+00:00;2026-03-10 20:09:33+00:00;33013;JavaScript;24;412;4632;12.69;0.14
tabby;2023-03-16 09:18:01+00:00;2026-03-10 16:52:19+00:00;33004;Rust;249;3001;1090;2.99;0.27
AdGuardHome;2016-07-06 10:31:47+00:00;2026-03-10 22:59:31+00:00;33003;Go;230;125;3534;9.68;0.02
serenity;2018-12-02 19:28:41+00:00;2026-03-10 18:35:05+00:00;32991;C++;0;19928;2655;7.27;0.2
diffusers;2022-05-30 16:04:02+00:00;2026-03-10 21:07:25+00:00;32985;Python;89;5530;1380;3.78;0.1
sniffnet;2022-07-31 21:55:56+00:00;2026-03-10 22:04:49+00:00;32939;Rust;16;488;1318;3.61;0.06
firecracker;2017-10-19 06:18:47+00:00;2026-03-10 23:01:18+00:00;32935;Rust;85;3436;3064;8.39;0.02
ShadowsocksX-NG;2016-06-10 11:49:00+00:00;2026-03-10 03:19:11+00:00;32905;Swift;30;64;3560;9.75;0.84
fish-shell;2012-05-10 03:00:55+00:00;2026-03-10 23:05:51+00:00;32905;Rust;62;2192;5052;13.84;0.01
OCRmyPDF;2013-12-20 08:26:28+00:00;2026-03-10 19:44:50+00:00;32902;Python;52;169;4463;12.23;0.15
stb;2014-05-25 16:51:23+00:00;2026-03-10 22:09:47+00:00;32892;C;0;291;4307;11.8;0.05
certbot;2014-11-12 02:52:20+00:00;2026-03-10 22:46:03+00:00;32892;Python;69;4080;4136;11.33;0.03
modern-unix;2021-01-12 00:50:14+00:00;2026-03-10 09:08:23+00:00;32816;;0;15;1883;5.16;0.6
goose;2024-08-23 19:03:36+00:00;2026-03-10 23:07:58+00:00;32797;Rust;123;4324;564;1.55;0.01
go-zero;2020-08-07 15:37:57+00:00;2026-03-10 20:21:49+00:00;32784;Go;149;2435;2041;5.59;0.13
backstage;2020-01-24 22:39:49+00:00;2026-03-10 18:45:39+00:00;32770;TypeScript;497;20444;2237;6.13;0.2
CLIP;2020-12-16 11:24:42+00:00;2026-03-10 15:45:23+00:00;32762;Jupyter Notebook;0;29;1910;5.23;0.32
comprehensive-rust;2022-12-21 15:17:24+00:00;2026-03-10 22:09:03+00:00;32725;Rust;0;2403;1175;3.22;0.05
nacos;2018-06-15 06:49:27+00:00;2026-03-10 15:43:38+00:00;32712;Java;89;3345;2825;7.74;0.32
dspy;2023-01-09 21:01:51+00:00;2026-03-10 22:11:18+00:00;32690;Python;106;1475;1156;3.17;0.05
paper-reading;2021-10-22 06:34:51+00:00;2026-03-10 20:50:24+00:00;32668;;0;15;1600;4.38;0.11
YesPlayMusic;2020-10-09 10:04:21+00:00;2026-03-10 11:25:35+00:00;32640;Vue;32;292;1978;5.42;0.5
MonitorControl;2017-09-16 21:13:40+00:00;2026-03-10 15:43:36+00:00;32634;Swift;26;220;3097;8.48;0.32
Vane;2024-04-09 10:51:32+00:00;2026-03-10 23:04:33+00:00;32624;TypeScript;33;84;700;1.92;0.02
WxJava;2016-01-06 08:24:05+00:00;2026-03-10 20:56:47+00:00;32615;Java;31;1190;3716;10.18;0.1
restic;2014-04-27 14:07:58+00:00;2026-03-10 22:45:03+00:00;32610;Go;49;2318;4335;11.88;0.03
netron;2010-12-26 12:53:43+00:00;2026-03-10 20:54:49+00:00;32549;JavaScript;6;1;5553;15.21;0.11
remix;2020-10-26 19:57:28+00:00;2026-03-10 21:52:57+00:00;32548;TypeScript;357;3665;1961;5.37;0.07
floating-ui;2016-03-29 17:00:47+00:00;2026-03-10 20:07:40+00:00;32480;TypeScript;506;1209;3633;9.95;0.14
glance;2024-04-27 18:55:38+00:00;2026-03-10 22:47:52+00:00;32468;Go;33;110;682;1.87;0.03
mmdetection;2018-08-22 07:06:06+00:00;2026-03-10 13:40:53+00:00;32466;Python;53;2358;2757;7.55;0.41
yew;2017-12-16 14:19:02+00:00;2026-03-10 21:12:14+00:00;32462;Rust;40;1897;3006;8.24;0.09
beego;2012-02-29 02:32:08+00:00;2026-03-10 00:35:52+00:00;32428;Go;43;1328;5123;14.04;0.95
awesome-php;2013-11-26 03:14:19+00:00;2026-03-10 20:57:11+00:00;32416;;0;457;4487;12.29;0.1
cursor;2023-03-12 00:19:42+00:00;2026-03-10 19:32:17+00:00;32412;;0;47;1094;3.0;0.16
k3s;2018-05-31 01:37:46+00:00;2026-03-10 21:17:02+00:00;32393;Go;957;4492;2840;7.78;0.09
marker;2023-10-30 20:14:08+00:00;2026-03-10 22:32:22+00:00;32349;Python;71;228;862;2.36;0.04
swr;2019-10-28 18:16:01+00:00;2026-03-10 20:01:59+00:00;32333;TypeScript;126;816;2325;6.37;0.14
medusa;2020-01-18 13:39:04+00:00;2026-03-10 21:52:32+00:00;32295;TypeScript;146;8412;2243;6.15;0.07
web-check;2023-06-25 14:32:11+00:00;2026-03-10 22:40:56+00:00;32247;TypeScript;1;53;989;2.71;0.03
my-tv;2023-12-04 12:18:39+00:00;2026-03-10 07:10:51+00:00;32245;C;72;11;827;2.27;0.68
linux-insides;2015-01-03 18:44:57+00:00;2026-03-10 18:46:36+00:00;32230;Python;0;620;4084;11.19;0.19
echo;2015-03-01 17:43:01+00:00;2026-03-10 16:19:09+00:00;32226;Go;116;629;4027;11.03;0.3
material-design-lite;2015-01-14 22:01:33+00:00;2026-03-08 04:46:33+00:00;32215;HTML;14;655;4073;11.16;2.78
kafka;2011-08-15 18:06:16+00:00;2026-03-10 22:25:33+00:00;32213;Java;0;12814;5321;14.58;0.04
pytorch-tutorial;2017-03-10 07:41:47+00:00;2026-03-10 22:05:53+00:00;32213;Python;0;28;3287;9.01;0.06
fairseq;2017-08-29 16:26:12+00:00;2026-03-10 12:58:47+00:00;32186;Python;16;236;3115;8.53;0.44
erpnext;2011-06-08 08:20:56+00:00;2026-03-10 21:22:59+00:00;32163;Python;1000;28782;5389;14.76;0.09
PDFMathTranslate;2024-09-06 06:56:03+00:00;2026-03-10 15:33:40+00:00;32163;Python;24;136;550;1.51;0.33
run;2022-04-10 05:42:40+00:00;2026-03-10 11:39:27+00:00;32146;;0;172;1430;3.92;0.49
airi;2024-12-01 16:33:36+00:00;2026-03-10 23:10:41+00:00;32146;TypeScript;54;689;464;1.27;0.01
500-AI-Machine-learning-Deep-learning-Computer-vision-NLP-Projects-with-code;2021-01-02 12:08:37+00:00;2026-03-10 18:17:33+00:00;32139;;0;3;1893;5.19;0.22
linera-protocol;2021-12-19 04:09:21+00:00;2026-03-10 19:38:20+00:00;32135;Rust;33;3567;1542;4.22;0.16
cockroach;2014-02-06 00:18:47+00:00;2026-03-10 22:58:48+00:00;32053;Go;0;72956;4415;12.1;0.02
nginx-proxy-manager;2017-12-20 23:01:16+00:00;2026-03-10 21:29:35+00:00;32046;TypeScript;86;683;3002;8.22;0.08
glances;2011-12-04 08:49:15+00:00;2026-03-10 22:45:41+00:00;32018;Python;56;773;5210;14.27;0.03
sharp;2013-08-19 20:24:24+00:00;2026-03-10 14:54:26+00:00;31997;JavaScript;107;311;4586;12.56;0.36
GPTs;2023-11-11 03:24:16+00:00;2026-03-10 22:38:35+00:00;31980;;0;45;850;2.33;0.03
just;2016-06-17 06:08:08+00:00;2026-03-10 22:35:56+00:00;31976;Rust;131;1377;3553;9.73;0.04
posthog;2020-01-23 22:46:58+00:00;2026-03-10 22:58:50+00:00;31960;Python;86;34939;2238;6.13;0.02
nanobot;2026-02-01 07:16:15+00:00;2026-03-10 23:06:59+00:00;31934;Python;9;244;37;0.1;0.01
graphql-engine;2018-06-18 07:57:36+00:00;2026-03-10 16:32:29+00:00;31916;TypeScript;300;2110;2822;7.73;0.29
dokku;2013-06-08 10:26:57+00:00;2026-03-10 21:03:17+00:00;31903;Shell;317;4534;4658;12.76;0.1
android-open-project;2014-01-05 15:20:15+00:00;2026-03-10 14:45:00+00:00;31841;;0;204;4447;12.18;0.36
html2canvas;2011-07-16 01:05:58+00:00;2026-03-10 20:20:17+00:00;31812;TypeScript;45;186;5351;14.66;0.13
ExplorerPatcher;2021-08-09 14:17:24+00:00;2026-03-10 16:53:43+00:00;31803;C;296;19;1674;4.59;0.27
chatgpt-web;2023-02-09 03:21:37+00:00;2026-03-10 14:33:44+00:00;31796;Vue;43;159;1125;3.08;0.37
kitty;2016-10-16 14:48:28+00:00;2026-03-10 23:07:19+00:00;31791;Python;132;1246;3432;9.4;0.01
TradingAgents;2024-12-28 03:31:08+00:00;2026-03-10 22:38:40+00:00;31766;Python;1;19;437;1.2;0.03
continue;2023-05-24 03:39:39+00:00;2026-03-10 22:29:46+00:00;31762;TypeScript;803;3931;1021;2.8;0.04
MS-DOS;2018-06-25 18:26:02+00:00;2026-03-10 04:00:26+00:00;31761;Assembly;0;37;2815;7.71;0.81
lottie-web;2015-02-20 21:02:59+00:00;2026-03-10 09:37:41+00:00;31739;JavaScript;0;136;4036;11.06;0.58
vimrc;2012-05-29 16:19:29+00:00;2026-03-10 15:31:34+00:00;31722;Vim Script;0;107;5033;13.79;0.33
vue-vben-admin;2020-07-11 02:29:21+00:00;2026-03-10 23:06:52+00:00;31711;Vue;61;1753;2068;5.67;0.01
rxjs;2015-03-15 06:17:10+00:00;2026-03-10 20:02:14+00:00;31651;TypeScript;2;2588;4013;10.99;0.14
ai-engineering-hub;2024-10-21 10:43:24+00:00;2026-03-10 22:38:39+00:00;31639;Jupyter Notebook;0;62;505;1.38;0.03
rocksdb;2012-11-30 06:16:18+00:00;2026-03-10 21:39:18+00:00;31619;C++;212;620;4848;13.28;0.07
editor.js;2015-11-28 20:56:35+00:00;2026-03-10 20:02:27+00:00;31595;TypeScript;107;870;3755;10.29;0.14
slate;2016-06-18 01:52:42+00:00;2026-03-10 19:42:06+00:00;31584;TypeScript;210;1980;3552;9.73;0.16
numpy;2010-09-13 23:02:39+00:00;2026-03-10 17:03:49+00:00;31582;Python;140;13944;5657;15.5;0.27
3x-ui;2023-02-09 19:16:57+00:00;2026-03-10 22:33:02+00:00;31575;HTML;102;642;1125;3.08;0.04
minikube;2016-04-15 22:38:35+00:00;2026-03-10 22:05:00+00:00;31569;Go;154;9396;3616;9.91;0.06
shardeum;2024-04-16 22:37:25+00:00;2026-03-10 14:32:34+00:00;31558;TypeScript;0;326;693;1.9;0.37
tinygrad;2020-10-18 16:23:12+00:00;2026-03-10 22:38:06+00:00;31542;Python;14;10561;1969;5.39;0.03
ChatDev;2023-08-28 02:18:13+00:00;2026-03-10 22:31:15+00:00;31530;Python;11;137;925;2.53;0.04
CheatSheetSeries;2018-12-21 14:26:43+00:00;2026-03-10 19:59:48+00:00;31521;Python;0;1199;2636;7.22;0.14
dokploy;2024-04-19 07:49:30+00:00;2026-03-10 22:30:27+00:00;31501;TypeScript;150;1354;690;1.89;0.04
conductor;2023-12-08 06:06:09+00:00;2026-03-10 22:36:09+00:00;31496;Java;35;347;823;2.25;0.04
surrealdb;2021-12-09 15:03:29+00:00;2026-03-10 22:47:25+00:00;31490;Rust;122;2627;1552;4.25;0.03
raylib;2013-10-24 15:46:04+00:00;2026-03-10 22:23:27+00:00;31473;C;24;2452;4520;12.38;0.04
tokio;2016-09-09 22:31:36+00:00;2026-03-10 22:34:12+00:00;31454;Rust;141;3805;3469;9.5;0.04
influxdb;2013-09-26 14:31:10+00:00;2026-03-10 22:41:17+00:00;31413;Rust;95;10940;4548;12.46;0.03
graphrag;2024-03-27 17:57:52+00:00;2026-03-10 18:14:50+00:00;31357;Python;36;721;713;1.95;0.22
WSL;2016-04-06 17:32:56+00:00;2026-03-10 22:58:43+00:00;31344;C++;97;555;3625;9.93;0.02
lede;2017-09-06 07:39:03+00:00;2026-03-10 09:11:26+00:00;31344;C;7;2051;3107;8.51;0.59
alpine;2019-11-28 13:51:55+00:00;2026-03-10 20:19:15+00:00;31299;HTML;146;695;2294;6.28;0.13
dotfiles;2011-09-05 18:07:54+00:00;2026-03-10 22:36:51+00:00;31266;Shell;0;44;5300;14.52;0.03
sing-box;2022-06-30 13:27:22+00:00;2026-03-10 22:58:36+00:00;31252;Go;501;193;1349;3.7;0.02
interactive-coding-challenges;2015-04-28 21:36:39+00:00;2026-03-10 17:26:20+00:00;31233;Python;0;176;3969;10.87;0.25
jsPDF;2009-12-06 14:56:32+00:00;2026-03-09 19:49:43+00:00;31174;JavaScript;41;753;5938;16.27;1.15
motion;2018-11-16 09:48:38+00:00;2026-03-10 21:12:25+00:00;31169;TypeScript;0;1197;2671;7.32;0.09
Blog;2017-03-13 10:04:33+00:00;2026-03-10 09:47:48+00:00;31123;;0;3;3284;9.0;0.57
DevToys;2021-09-29 01:40:41+00:00;2026-03-10 22:30:13+00:00;31065;C#;39;501;1623;4.45;0.04
docsify;2016-11-20 07:55:43+00:00;2026-03-10 17:42:03+00:00;31044;JavaScript;16;783;3397;9.31;0.24
Sortable;2013-12-19 10:10:13+00:00;2026-03-10 17:33:54+00:00;31032;JavaScript;31;248;4464;12.23;0.25
tqdm;2015-06-03 13:13:14+00:00;2026-03-10 15:01:44+00:00;31018;Python;133;289;3933;10.78;0.35
pear-desktop;2019-04-19 18:14:40+00:00;2026-03-10 17:46:41+00:00;31007;TypeScript;87;1630;2517;6.9;0.24
ML-From-Scratch;2017-02-05 12:11:23+00:00;2026-03-10 17:13:22+00:00;31000;Python;0;9;3320;9.1;0.26
fabric.js;2010-06-09 22:24:38+00:00;2026-03-10 22:15:38+00:00;30997;TypeScript;181;2430;5753;15.76;0.05
symfony;2010-01-04 14:21:21+00:00;2026-03-10 22:51:52+00:00;30968;PHP;603;25612;5909;16.19;0.02
podman;2017-11-01 15:01:27+00:00;2026-03-10 21:20:43+00:00;30963;Go;236;12224;3051;8.36;0.09
lux;2018-02-24 11:29:03+00:00;2026-03-10 15:13:28+00:00;30939;Go;86;304;2936;8.04;0.34
OpenAPI-Specification;2014-03-03 16:53:36+00:00;2026-03-10 20:03:16+00:00;30939;Markdown;14;1803;4390;12.03;0.14
agents;2025-07-24 23:28:14+00:00;2026-03-10 22:42:31+00:00;30919;Python;0;53;228;0.62;0.03
pytorch-lightning;2019-03-31 00:45:57+00:00;2026-03-10 21:28:41+00:00;30916;Python;172;9341;2536;6.95;0.08
weekly;2017-03-20 06:10:04+00:00;2026-03-10 08:47:12+00:00;30896;JavaScript;193;136;3277;8.98;0.61
calculator;2019-01-28 17:55:49+00:00;2026-03-10 07:48:25+00:00;30873;C++;0;913;2598;7.12;0.65
seaweedfs;2014-07-14 16:41:37+00:00;2026-03-10 22:55:19+00:00;30846;Go;290;3709;4257;11.66;0.02
p3c;2017-06-23 06:15:51+00:00;2026-03-10 12:49:31+00:00;30830;Kotlin;0;62;3182;8.72;0.44
btop;2021-05-06 18:40:21+00:00;2026-03-10 22:51:35+00:00;30827;C++;54;372;1769;4.85;0.02
webtorrent;2013-10-15 08:16:40+00:00;2026-03-10 09:33:39+00:00;30822;JavaScript;229;970;4529;12.41;0.58
jQuery-File-Upload;2010-12-01 15:35:32+00:00;2026-03-10 20:06:52+00:00;30805;PHP;0;119;5578;15.28;0.14
AI-Expert-Roadmap;2020-10-24 21:49:40+00:00;2026-03-10 22:36:53+00:00;30788;JavaScript;0;14;1963;5.38;0.03
mantine;2021-01-07 14:02:19+00:00;2026-03-10 16:39:49+00:00;30767;TypeScript;291;1591;1888;5.17;0.28
frigate;2019-01-26 13:52:38+00:00;2026-03-10 21:05:38+00:00;30763;TypeScript;76;3758;2600;7.12;0.1
TrackersListCollection;2019-10-03 15:55:07+00:00;2026-03-10 21:55:39+00:00;30753;;0;7;2350;6.44;0.06
uppy;2015-11-16 12:32:33+00:00;2026-03-10 10:57:12+00:00;30669;TypeScript;392;3276;3767;10.32;0.52
refined-github;2016-02-15 16:45:02+00:00;2026-03-10 19:39:15+00:00;30659;TypeScript;186;3617;3676;10.07;0.16
spring-boot-examples;2016-11-05 05:32:33+00:00;2026-03-10 14:09:44+00:00;30642;Java;0;7;3412;9.35;0.39
DeepFaceLive;2020-12-15 12:19:22+00:00;2026-03-10 16:03:39+00:00;30611;Python;35;13;1911;5.24;0.31
roop;2023-05-28 14:37:54+00:00;2026-03-10 08:47:21+00:00;30547;Python;6;82;1017;2.79;0.61
layui;2015-09-22 08:12:03+00:00;2026-03-10 14:53:32+00:00;30542;JavaScript;173;673;3822;10.47;0.36
changedetection.io;2021-01-27 16:03:30+00:00;2026-03-10 23:06:38+00:00;30534;Python;203;1058;1868;5.12;0.01
vscodium;2018-08-13 14:26:58+00:00;2026-03-10 22:06:17+00:00;30425;Shell;267;633;2766;7.58;0.06
Proton;2018-03-13 18:45:27+00:00;2026-03-10 22:04:50+00:00;30377;C++;76;13;2919;8.0;0.06
particles.js;2014-09-06 14:29:47+00:00;2026-03-10 09:36:17+00:00;30356;JavaScript;6;21;4203;11.52;0.58
sequelize;2010-07-22 07:11:11+00:00;2026-03-10 17:14:27+00:00;30350;TypeScript;490;5023;5710;15.64;0.26
hutool;2014-04-13 07:23:51+00:00;2026-03-10 14:58:06+00:00;30343;Java;156;515;4349;11.92;0.35
react-three-fiber;2019-02-25 14:31:51+00:00;2026-03-10 22:16:40+00:00;30336;TypeScript;131;690;2570;7.04;0.05
awesome-macos-command-line;2015-09-22 19:37:55+00:00;2026-03-10 22:02:46+00:00;30330;;0;104;3822;10.47;0.06
algo;2016-05-15 03:42:48+00:00;2026-03-10 20:05:38+00:00;30329;Python;4;686;3586;9.82;0.14
one-api;2023-04-22 12:39:24+00:00;2026-03-10 17:59:15+00:00;30325;JavaScript;55;287;1053;2.88;0.23
BetterDisplay;2021-10-24 08:32:56+00:00;2026-03-10 22:08:49+00:00;30306;;120;2;1598;4.38;0.05
NeteaseCloudMusicApi;2016-06-22 11:58:03+00:00;2026-03-10 22:33:31+00:00;30290;;0;292;3548;9.72;0.04
openai-python;2020-10-25 23:23:54+00:00;2026-03-10 22:41:32+00:00;30282;Python;369;1053;1962;5.38;0.03
folly;2012-06-01 20:49:04+00:00;2026-03-10 22:53:57+00:00;30278;C++;281;13;5030;13.78;0.02
stanford_alpaca;2023-03-10 23:33:09+00:00;2026-03-10 02:26:25+00:00;30271;Python;0;6;1095;3.0;0.88
awesome-python-cn;2015-11-03 09:50:50+00:00;2026-03-10 14:35:00+00:00;30264;Makefile;0;51;3780;10.36;0.37
HEAD;2016-04-20 20:05:37+00:00;2026-03-09 18:56:27+00:00;30242;;0;88;3611;9.89;1.19
os-tutorial;2014-09-29 08:39:34+00:00;2026-03-10 22:30:45+00:00;30232;C;0;11;4180;11.45;0.04
Avalonia;2013-12-05 20:13:21+00:00;2026-03-10 22:19:25+00:00;30220;C#;120;5662;4478;12.27;0.05
viper;2014-04-02 14:33:33+00:00;2026-03-10 21:42:56+00:00;30220;Go;35;520;4360;11.95;0.07
cheerio;2011-10-09 04:23:20+00:00;2026-03-10 21:08:54+00:00;30175;TypeScript;62;3126;5266;14.43;0.1
tdesktop;2014-05-02 12:36:31+00:00;2026-03-10 18:49:07+00:00;30143;C++;830;1860;4330;11.86;0.19
dragonfly;2021-12-11 10:00:42+00:00;2026-03-10 20:24:47+00:00;30136;C++;114;4011;1550;4.25;0.13
k6;2016-03-21 15:30:24+00:00;2026-03-10 21:35:50+00:00;30087;Go;85;2461;3641;9.98;0.08
jumpserver;2014-07-04 03:54:59+00:00;2026-03-10 17:39:55+00:00;30059;Python;264;7874;4267;11.69;0.24
rust-course;2018-08-07 05:01:21+00:00;2026-03-10 16:40:48+00:00;30048;Rust;0;813;2772;7.59;0.28
WindTerm;2019-10-09 19:56:09+00:00;2026-03-10 18:09:40+00:00;29979;C;32;1;2344;6.42;0.22
hosts;2012-04-12 20:22:50+00:00;2026-03-10 21:27:40+00:00;29977;Python;833;507;5080;13.92;0.08
xxl-job;2015-11-28 12:59:34+00:00;2026-03-10 14:24:04+00:00;29972;Java;42;124;3755;10.29;0.38
turborepo;2021-10-05 17:37:11+00:00;2026-03-10 22:56:03+00:00;29970;Rust;694;7221;1617;4.43;0.02
django-rest-framework;2011-03-02 17:13:56+00:00;2026-03-10 13:41:23+00:00;29934;Python;21;3109;5487;15.03;0.41
css-protips;2015-08-29 12:29:03+00:00;2026-03-10 19:12:59+00:00;29914;;0;73;3846;10.54;0.18
handson-ml2;2019-01-08 03:49:07+00:00;2026-03-10 09:36:11+00:00;29910;Jupyter Notebook;0;65;2618;7.17;0.58
leakcanary;2015-04-29 23:54:16+00:00;2026-03-10 05:32:50+00:00;29909;Kotlin;43;933;3967;10.87;0.75
tuning_playbook;2023-01-18 23:32:32+00:00;2026-03-10 16:57:25+00:00;29907;;0;14;1146;3.14;0.27
lighthouse;2016-03-08 01:03:11+00:00;2026-03-10 17:26:08+00:00;29900;JavaScript;130;5565;3654;10.01;0.25
zellij;2020-09-01 14:04:28+00:00;2026-03-10 21:47:14+00:00;29888;Rust;65;1398;2016;5.52;0.07
consul;2013-11-04 22:15:27+00:00;2026-03-10 22:26:55+00:00;29790;Go;256;14146;4509;12.35;0.04
build-your-own-x;2018-05-09 12:03:18+00:00;2026-03-10 22:55:19+00:00;473982;Markdown;0;155;2862;7.84;0.02
awesome;2014-07-11 13:42:37+00:00;2026-03-10 23:04:46+00:00;444462;;0;694;4260;11.67;0.02
freeCodeCamp;2014-12-24 17:49:19+00:00;2026-03-10 22:57:11+00:00;438027;TypeScript;0;27817;4094;11.22;0.02
public-apis;2016-03-20 23:49:42+00:00;2026-03-10 23:10:45+00:00;406314;Python;0;1872;3641;9.98;0.01
free-programming-books;2013-10-11 06:50:37+00:00;2026-03-10 22:45:16+00:00;383928;Python;0;7336;4533;12.42;0.03
developer-roadmap;2017-03-15 13:45:52+00:00;2026-03-10 22:51:10+00:00;350707;TypeScript;1;4087;3282;8.99;0.02
system-design-primer;2017-02-26 16:15:28+00:00;2026-03-10 23:07:19+00:00;338393;Python;0;205;3299;9.04;0.01
coding-interview-university;2016-06-06 02:34:12+00:00;2026-03-10 21:28:44+00:00;337814;;0;415;3564;9.76;0.08
openclaw;2025-11-24 10:16:47+00:00;2026-03-10 23:11:36+00:00;298094;TypeScript;63;3039;106;0.29;0.01
awesome-python;2014-06-27 21:00:06+00:00;2026-03-10 22:55:35+00:00;286607;Python;0;641;4274;11.71;0.02
